,carpeta_numero,nombre_imagen,prediccion
0,1001129260787871655,[['1001129260787871655.jpg']],[['Jacket']]
1,1031132668982635845,[['1031132668982635845.jpg']],[['Jacket']]
2,1043108807741451542,[['1043108807741451542.jpg']],[['Tee']]
3,1060065445597589407,[['1060065445597589407.jpg']],[['Tee']]
4,1064866363170008643,[['1064866363170008643.jpg']],[['Tee']]
5,1077191736163479148,[['1077191736163479148.jpg']],[['Tee']]
6,1091979500377517975,[['1091979500377517975.jpg']],[['Tee']]
7,1093171863082937361,[['1093171863082937361.jpg']],[['Jacket']]
8,1095189007350017352,[['1095189007350017352.jpg']],[['Tee']]
9,1103240675752848443,[['1103240675752848443.jpg']],[['Skirt']]
10,1103261991230942852,[['1103261991230942852.jpg']],[['Blouse']]
11,1109025407635729513,[['1109025407635729513.jpg']],[['Tee']]
12,1109775902864223713,[['1109775902864223713.jpg']],[['Dress']]
13,1112389366640192538,[['1112389366640192538.jpg']],[['Sweater']]
14,1114891739174448378,[['1114891739174448378.jpg']],[['Shorts']]
15,1128668386633624796,[['1128668386633624796.jpg']],[['Tee']]
16,1135535524178734087,[['1135535524178734087.jpg']],[['Shorts']]
17,1140193280726838478,[['1140193280726838478.jpg']],[['Tee']]
18,1147925862688140783,[['1147925862688140783.jpg']],[['Jeans']]
19,1150195239831645622,[['1150195239831645622.jpg']],[['Sweater']]
20,1150403695465376850,[['1150403695465376850.jpg']],[['Tee']]
21,1157322852018597420,[['1157322852018597420.jpg']],[['Dress']]
22,1158815454723223398,[['1158815454723223398.jpg']],[['Sweater']]
23,1166991228353556437,[['1166991228353556437.jpg']],[['Sweater']]
24,1170650049202531556,[['1170650049202531556.jpg']],[['Sweater']]
25,1174996598544051717,[['1174996598544051717.jpg']],[['Tee']]
26,1178186242098114343,[['1178186242098114343.jpg']],[['Dress']]
27,1182935039948795279,[['1182935039948795279.jpg']],[['Tee']]
28,1185120387332222035,[['1185120387332222035.jpg']],[['Skirt']]
29,1187351600906284456,[['1187351600906284456.jpg']],[['Blouse']]
30,1193066743388614490,[['1193066743388614490.jpg']],[['Dress']]
31,1193578649232780519,[['1193578649232780519.jpg']],[['Blouse']]
32,1195997059442978064,[['1195997059442978064.jpg']],[['Dress']]
33,1202171554641915445,[['1202171554641915445.jpg']],[['Jacket']]
34,1204523927121079550,[['1204523927121079550.jpg']],[['Tee']]
35,1209598917394738932,[['1209598917394738932.jpg']],[['Dress']]
36,1216976511123500553,[['1216976511123500553.jpg']],[['Blouse']]
37,1228944561838140804,[['1228944561838140804.jpg']],[['Blouse']]
38,1250074779688546121,[['1250074779688546121.jpg']],[['Tee']]
39,1280139367260578346,[['1280139367260578346.jpg']],[['Shorts']]
40,1281417247999188122,[['1281417247999188122.jpg']],[['Jeans']]
41,1282291872488561724,[['1282291872488561724.jpg']],[['Skirt']]
42,1301821447463736933,[['1301821447463736933.jpg']],[['Top']]
43,1307672499798717346,[['1307672499798717346.jpg']],[['Shorts']]
44,1315378134363563665,[['1315378134363563665.jpg']],[['Tee']]
45,1317795621768164742,[['1317795621768164742.jpg']],[['Skirt']]
46,1323500243644089480,[['1323500243644089480.jpg']],[['Blouse']]
47,1332614817341385218,[['1332614817341385218.jpg']],[['Blouse']]
48,1340617765203772622,[['1340617765203772622.jpg']],[['Tee']]
49,1352560717731734053,[['1352560717731734053.jpg']],[['Sweater']]
50,1354015712662635565,[['1354015712662635565.jpg']],[['Dress']]
51,1361209903914203058,[['1361209903914203058.jpg']],[['Tee']]
52,1365552553375290433,[['1365552553375290433.jpg']],[['Shorts']]
53,1371270150859238402,[['1371270150859238402.jpg']],[['Dress']]
54,1377057339421431093,[['1377057339421431093.jpg']],[['Skirt']]
55,1377895419007102084,[['1377895419007102084.jpg']],[['Top']]
56,1380470024183742898,[['1380470024183742898.jpg']],[['Jeans']]
57,1384257542494755820,[['1384257542494755820.jpg']],[['Blouse']]
58,1386263866380304747,[['1386263866380304747.jpg']],[['Blouse']]
59,1391575511994441069,[['1391575511994441069.jpg']],[['Top']]
60,1393020143202641142,[['1393020143202641142.jpg']],[['Jacket']]
61,1397501671269919735,[['1397501671269919735.jpg']],[['Tee']]
62,1398203117812345164,[['1398203117812345164.jpg']],[['Sweater']]
63,1398709068080404748,[['1398709068080404748.jpg']],[['Shorts']]
64,1402892343938209281,[['1402892343938209281.jpg']],[['Jacket']]
65,1403667116066730826,[['1403667116066730826.jpg']],[['Tee']]
66,1405417042232026593,[['1405417042232026593.jpg']],[['Tee']]
67,1406091940919710458,[['1406091940919710458.jpg']],[['Tee']]
68,1410180366694527636,[['1410180366694527636.jpg']],[['Sweater']]
69,1416372280359760972,[['1416372280359760972.jpg']],[['Dress']]
70,1430508004247933525,[['1430508004247933525.jpg']],[['Top']]
71,1437845865024491790,[['1437845865024491790.jpg']],[['Blouse']]
72,1441682110402213168,[['1441682110402213168.jpg']],[['Skirt']]
73,1442230763265090791,[['1442230763265090791.jpg']],[['Skirt']]
74,1443697298051651173,[['1443697298051651173.jpg']],[['Jeans']]
75,1453109677272448036,[['1453109677272448036.jpg']],[['Tee']]
76,1453695189704193630,[['1453695189704193630.jpg']],[['Top']]
77,1457608134313941773,[['1457608134313941773.jpg']],[['Dress']]
78,1459139492203808710,"[['1459139492203808710_1.jpg'], ['1459139492203808710_2.jpg'], ['1459139492203808710_3.jpg'], ['1459139492203808710_4.jpg'], ['2017-02-27_02-36-43_UTC_5.jpg']]","[['Jacket'], ['Top'], ['Blouse'], ['Blouse'], ['Tee']]"
79,1460520756915763017,[['1460520756915763017.jpg']],[['Blouse']]
80,1470689090143622894,[['1470689090143622894.jpg']],[['Tee']]
81,1475646198772820545,[['1475646198772820545.jpg']],[['Blouse']]
82,1480029329491648356,[['1480029329491648356.jpg']],[['Blouse']]
83,1481638505704389174,[['1481638505704389174.jpg']],[['Shorts']]
84,1485557677554700995,[['1485557677554700995.jpg']],[['Blouse']]
85,1492274123991303116,[['1492274123991303116.jpg']],[['Skirt']]
86,1492906293307787893,[['1492906293307787893.jpg']],[['Tee']]
87,1493692949341485902,"[['1493692949341485902_1.jpg'], ['2017-04-15_18-48-17_UTC_2.jpg']]","[['Shorts'], ['Skirt']]"
88,1495122447702307431,[['1495122447702307431.jpg']],[['Tee']]
89,1495290144189509553,"[['1495290144189509553_1.jpg'], ['2017-04-17_23-41-37_UTC_2.jpg']]","[['Shorts'], ['Tee']]"
90,1496045257387793354,[['1496045257387793354.jpg']],[['Shorts']]
91,1496543294908443840,[['1496543294908443840.jpg']],[['Sweater']]
92,1496763846286517210,[['1496763846286517210.jpg']],[['Dress']]
93,1497591104651910239,[['1497591104651910239.jpg']],[['Dress']]
94,1498018097407187468,[['1498018097407187468.jpg']],[['Shorts']]
95,1502952529204410863,[['1502952529204410863.jpg']],[['Jacket']]
96,1505501204280276551,[['1505501204280276551.jpg']],[['Tee']]
97,1506859093464414087,[['1506859093464414087.jpg']],[['Blouse']]
98,1507573951311558712,[['1507573951311558712.jpg']],[['Blouse']]
99,1508003112337516614,[['1508003112337516614.jpg']],[['Sweater']]
100,1508672469577058316,[['1508672469577058316.jpg']],[['Tee']]
101,1511582543568025013,[['1511582543568025013.jpg']],[['Dress']]
102,1514911639886814401,[['1514911639886814401.jpg']],[['Skirt']]
103,1519010060595731228,"[['1519010060595731228_1.jpg'], ['1519010060595731228_2.jpg'], ['2017-05-20_17-08-51_UTC_3.jpg']]","[['Shorts'], ['Shorts'], ['Shorts']]"
104,1523502343117664326,[['1523502343117664326.jpg']],[['Tee']]
105,1526995383992155816,[['1526995383992155816.jpg']],[['Skirt']]
106,1531365466608501183,[['1531365466608501183.jpg']],[['Shorts']]
107,1538769029328661806,[['1538769029328661806.jpg']],[['Tee']]
108,1539275328588019725,[['1539275328588019725.jpg']],[['Jacket']]
109,1541117759910438371,[['1541117759910438371.jpg']],[['Tee']]
110,1542414269491434163,[['1542414269491434163.jpg']],[['Dress']]
111,1549474903089162979,[['1549474903089162979.jpg']],[['Shorts']]
112,1550889115887725045,[['1550889115887725045.jpg']],[['Dress']]
113,1551954581410364575,"[['1551954581410364575_1.jpg'], ['2017-07-05_04-03-44_UTC_2.jpg']]","[['Jacket'], ['Tee']]"
114,1557371765947366970,[['1557371765947366970.jpg']],[['Dress']]
115,1566373864945157059,[['1566373864945157059.jpg']],[['Skirt']]
116,1568279421876524368,[['1568279421876524368.jpg']],[['Tee']]
117,1569150875413461806,[['1569150875413461806.jpg']],[['Tee']]
118,1571462525780791760,[['1571462525780791760.jpg']],[['Skirt']]
119,1577902013658811741,"[['1577902013658811741_1.jpg'], ['2017-08-09_23-16-39_UTC_2.jpg']]","[['Skirt'], ['Skirt']]"
120,1579300772804420965,[['1579300772804420965.jpg']],[['Jacket']]
121,1582230275113448637,[['1582230275113448637.jpg']],[['Tee']]
122,1593234446616696783,[['1593234446616696783.jpg']],[['Dress']]
123,1593933007755019111,"[['1593933007755019111_1.jpg'], ['2017-09-01_02-07-23_UTC_2.jpg']]","[['Blouse'], ['Sweater']]"
124,1598209791166180698,[['1598209791166180698.jpg']],[['Top']]
125,1598955245520780466,[['1598955245520780466.jpg']],[['Blouse']]
126,1611655978305133129,[['1611655978305133129.jpg']],[['Top']]
127,1620650371049509560,[['1620650371049509560.jpg']],[['Dress']]
128,1627248342876736718,[['1627248342876736718.jpg']],[['Shorts']]
129,1630149757886486303,[['1630149757886486303.jpg']],[['Tee']]
130,1630876081332624546,[['1630876081332624546.jpg']],[['Tee']]
131,1647360954335263577,[['1647360954335263577.jpg']],[['Jacket']]
132,1652656886081847978,[['1652656886081847978.jpg']],[['Sweater']]
133,1657755810589157913,[['1657755810589157913.jpg']],[['Skirt']]
134,1663102172944054107,[['1663102172944054107.jpg']],[['Skirt']]
135,1666483628512748395,[['1666483628512748395.jpg']],[['Skirt']]
136,1669937098242802000,[['1669937098242802000.jpg']],[['Blouse']]
137,1675880686042509464,[['1675880686042509464.jpg']],[['Dress']]
138,1677748020692864542,[['1677748020692864542.jpg']],[['Shorts']]
139,1681521183738101769,[['1681521183738101769.jpg']],[['Dress']]
140,1682422587407405808,[['1682422587407405808.jpg']],[['Jacket']]
141,1683134056079931706,[['1683134056079931706.jpg']],[['Sweater']]
142,1685885297038338171,[['1685885297038338171.jpg']],[['Shorts']]
143,1686685528231116017,[['1686685528231116017.jpg']],[['Blouse']]
144,1687844820342759419,[['1687844820342759419.jpg']],[['Tee']]
145,1692234681610694989,[['1692234681610694989.jpg']],[['Jeans']]
146,1694601576364382694,[['1694601576364382694.jpg']],[['Blouse']]
147,1702643775605818752,[['1702643775605818752.jpg']],[['Tee']]
148,1704086501752599551,[['1704086501752599551.jpg']],[['Jacket']]
149,1704435907559453800,[['1704435907559453800.jpg']],[['Sweater']]
150,1717137748361590201,[['1717137748361590201.jpg']],[['Dress']]
151,1718573774829357407,[['1718573774829357407.jpg']],[['Sweater']]
152,1723661668686311331,[['1723661668686311331.jpg']],[['Skirt']]
153,1724327336574443212,[['1724327336574443212.jpg']],[['Top']]
154,1727745286161657220,[['1727745286161657220.jpg']],[['Tee']]
155,1731604965375705972,[['1731604965375705972.jpg']],[['Dress']]
156,1733079717323960860,[['1733079717323960860.jpg']],[['Dress']]
157,1733707121851386993,[['1733707121851386993.jpg']],[['Tee']]
158,1743963402512035622,[['1743963402512035622.jpg']],[['Tee']]
159,1744714957590665208,[['1744714957590665208.jpg']],[['Tee']]
160,1745897135049956897,[['1745897135049956897.jpg']],[['Tee']]
161,1747284767646279499,[['1747284767646279499.jpg']],[['Dress']]
162,1749722737372389513,[['1749722737372389513.jpg']],[['Top']]
163,1754792265152421781,[['1754792265152421781.jpg']],[['Jacket']]
164,1757747668571952528,[['1757747668571952528.jpg']],[['Shorts']]
165,1758319350781486388,[['1758319350781486388.jpg']],[['Shorts']]
166,1759177576783489087,[['1759177576783489087.jpg']],[['Tee']]
167,1760607909894813525,[['1760607909894813525.jpg']],[['Blouse']]
168,1761255355888874648,[['1761255355888874648.jpg']],[['Blouse']]
169,1762637473655209018,[['1762637473655209018.jpg']],[['Top']]
170,1765491412440472249,[['1765491412440472249.jpg']],[['Dress']]
171,1766445603052721069,[['1766445603052721069.jpg']],[['Sweater']]
172,1767882480376968409,[['1767882480376968409.jpg']],[['Shorts']]
173,1771487280444282369,[['1771487280444282369.jpg']],[['Blouse']]
174,1775757827059650124,[['1775757827059650124.jpg']],[['Dress']]
175,1776476999662116497,[['1776476999662116497.jpg']],[['Jacket']]
176,1781658247360904032,[['1781658247360904032.jpg']],[['Tee']]
177,1783750050918529261,[['1783750050918529261.jpg']],[['Shorts']]
178,1785237218786614647,[['1785237218786614647.jpg']],[['Jacket']]
179,1786682401134972810,[['1786682401134972810.jpg']],[['Top']]
180,1789371497162507100,[['1789371497162507100.jpg']],[['Tee']]
181,1793738576053624511,[['1793738576053624511.jpg']],[['Shorts']]
182,1798937708774878652,[['1798937708774878652.jpg']],[['Tee']]
183,1803432189767363453,[['1803432189767363453.jpg']],[['Sweater']]
184,1805199124230117436,[['1805199124230117436.jpg']],[['Skirt']]
185,1807649987506982162,[['1807649987506982162.jpg']],[['Tee']]
186,1812439075060427280,[['1812439075060427280.jpg']],[['Blouse']]
187,1812797107669775649,[['1812797107669775649.jpg']],[['Sweater']]
188,1813162538762777859,[['1813162538762777859.jpg']],[['Skirt']]
189,1813886564955095113,[['1813886564955095113.jpg']],[['Dress']]
190,1815285740528066977,[['1815285740528066977.jpg']],[['Blouse']]
191,1816098212967033188,[['1816098212967033188.jpg']],[['Dress']]
192,1817488580946086214,[['1817488580946086214.jpg']],[['Shorts']]
193,1818350494756478715,[['1818350494756478715.jpg']],[['Skirt']]
194,1821497464916349699,[['1821497464916349699.jpg']],[['Top']]
195,1822120366279827082,[['1822120366279827082.jpg']],[['Dress']]
196,1824364008424038157,[['1824364008424038157.jpg']],[['Blouse']]
197,1832362659725327576,[['1832362659725327576.jpg']],[['Skirt']]
198,1833631206392755845,[['1833631206392755845.jpg']],[['Tee']]
199,1839557498116224816,[['1839557498116224816.jpg']],[['Tee']]
200,1843066387402852845,[['1843066387402852845.jpg']],[['Dress']]
201,1844501185300485174,[['1844501185300485174.jpg']],[['Jacket']]
202,1845425757382222312,[['1845425757382222312.jpg']],[['Top']]
203,1847391293095629839,[['1847391293095629839.jpg']],[['Jacket']]
204,1851082958339761238,[['1851082958339761238.jpg']],[['Dress']]
205,1855544289256261048,[['1855544289256261048.jpg']],[['Blouse']]
206,1862725014896065763,[['1862725014896065763.jpg']],[['Shorts']]
207,1864188550981857305,[['1864188550981857305.jpg']],[['Tee']]
208,1870363313030794694,[['1870363313030794694.jpg']],[['Dress']]
209,1876552402578842716,[['1876552402578842716.jpg']],[['Tee']]
210,1880536756690617387,[['1880536756690617387.jpg']],[['Jeans']]
211,1883813711359842242,[['1883813711359842242.jpg']],[['Blouse']]
212,1885210643768659135,[['1885210643768659135.jpg']],[['Dress']]
213,1889533053271730185,[['1889533053271730185.jpg']],[['Dress']]
214,1891035696007704161,[['1891035696007704161.jpg']],[['Jacket']]
215,1899791640959111806,"[['1899791640959111806_1.jpg'], ['2018-10-28_02-13-53_UTC_2.jpg']]","[['Jacket'], ['Tee']]"
216,1900494857128644894,[['1900494857128644894.jpg']],[['Dress']]
217,1906949368332509939,[['1906949368332509939.jpg']],[['Sweater']]
218,1909601546683565605,[['1909601546683565605.jpg']],[['Blouse']]
219,1911115364547143402,[['1911115364547143402.jpg']],[['Top']]
220,1912615801557332532,"[['1912615801557332532_1.jpg'], ['2018-11-14_18-53-12_UTC_2.jpg']]","[['Jacket'], ['Sweater']]"
221,1916277088917018808,[['1916277088917018808.jpg']],[['Sweater']]
222,1918491123142084313,[['1918491123142084313.jpg']],[['Dress']]
223,1921539590919738438,[['1921539590919738438.jpg']],[['Jacket']]
224,1932296023726613354,[['1932296023726613354.jpg']],[['Tee']]
225,1938203737400975048,"[['1938203737400975048_1.jpg'], ['2018-12-20_02-11-52_UTC_2.jpg']]","[['Skirt'], ['Blouse']]"
226,1939539339195066843,[['1939539339195066843.jpg']],[['Jacket']]
227,1940271662483950878,[['1940271662483950878.jpg']],[['Skirt']]
228,1942296455945165648,"[['1942296455945165648_1.jpg'], ['2018-12-25_17-43-22_UTC_2.jpg']]","[['Tee'], ['Blouse']]"
229,1948267488275681166,[['1948267488275681166.jpg']],[['Jacket']]
230,1948736698890157377,[['1948736698890157377.jpg']],[['Blouse']]
231,1954052369954091728,"[['1954052369954091728_1.jpg'], ['2019-01-10_23-00-16_UTC_2.jpg']]","[['Top'], ['Top']]"
232,1955506950890081770,[['1955506950890081770.jpg']],[['Skirt']]
233,1956294680154855638,[['1956294680154855638.jpg']],[['Dress']]
234,1960562914534120100,[['1960562914534120100.jpg']],[['Blouse']]
235,1981694658482243788,"[['1981694658482243788_1.jpg'], ['1981694658482243788_2.jpg'], ['2019-02-18_02-20-34_UTC_3.jpg']]","[['Jacket'], ['Jacket'], ['Blouse']]"
236,1989622473407987754,[['1989622473407987754.jpg']],[['Sweater']]
237,1991454424867700965,"[['1991454424867700965_1.jpg'], ['1991454424867700965_2.jpg'], ['2019-03-03_13-31-28_UTC_3.jpg']]","[['Jeans'], ['Shorts'], ['Shorts']]"
238,1991750737664578873,[['1991750737664578873.jpg']],[['Jacket']]
239,1992527147324798591,[['1992527147324798591.jpg']],[['Jacket']]
240,1992908480928569641,[['1992908480928569641.jpg']],[['Sweater']]
241,2000437707337082919,[['2000437707337082919.jpg']],[['Tee']]
242,2010441093830494562,"[['2010441093830494562_1.jpg'], ['2019-03-29_18-14-36_UTC_2.jpg']]","[['Skirt'], ['Skirt']]"
243,2011794311189745932,[['2011794311189745932.jpg']],[['Top']]
244,2012126904934273808,[['2012126904934273808.jpg']],[['Sweater']]
245,2015511039581113789,"[['2015511039581113789_1.jpg'], ['2015511039581113789_2.jpg'], ['2019-04-05_18-07-40_UTC_3.jpg']]","[['Blouse'], ['Blouse'], ['Tee']]"
246,2019951081536068536,[['2019951081536068536.jpg']],[['Blouse']]
247,2020794590086131128,"[['2019-04-13_01-05-09_UTC_3.jpg'], ['2020794590086131128_1.jpg'], ['2020794590086131128_2.jpg']]","[['Skirt'], ['Dress'], ['Dress']]"
248,2021245096638283078,[['2021245096638283078.jpg']],[['Jacket']]
249,2021253652028542282,[['2021253652028542282.jpg']],[['Tee']]
250,2021945176097658191,"[['2019-04-14_15-11-09_UTC_5.jpg'], ['2021945176097658191_1.jpg'], ['2021945176097658191_2.jpg'], ['2021945176097658191_3.jpg'], ['2021945176097658191_4.jpg']]","[['Tee'], ['Skirt'], ['Shorts'], ['Shorts'], ['Dress']]"
251,2022905173673603971,[['2022905173673603971.jpg']],[['Jacket']]
252,2024424873746266032,[['2024424873746266032.jpg']],[['Dress']]
253,2027244359369173776,[['2027244359369173776.jpg']],[['Tee']]
254,2029383011365010425,[['2029383011365010425.jpg']],[['Sweater']]
255,2032368628654897489,[['2032368628654897489.jpg']],[['Skirt']]
256,2035984839611259962,"[['2019-05-04_00-05-27_UTC_3.jpg'], ['2035984839611259962_1.jpg'], ['2035984839611259962_2.jpg']]","[['Skirt'], ['Skirt'], ['Skirt']]"
257,2038104679465857882,"[['2019-05-06_22-17-12_UTC_3.jpg'], ['2038104679465857882_1.jpg'], ['2038104679465857882_2.jpg']]","[['Shorts'], ['Dress'], ['Blouse']]"
258,2039737720596367604,"[['2019-05-09_04-21-46_UTC_2.jpg'], ['2039737720596367604_1.jpg']]","[['Dress'], ['Skirt']]"
259,2040304430969783678,[['2040304430969783678.jpg']],[['Shorts']]
260,2041595229728721179,"[['2019-05-11_17-52-18_UTC_3.jpg'], ['2041595229728721179_1.jpg'], ['2041595229728721179_2.jpg']]","[['Blouse'], ['Tee'], ['Tee']]"
261,2044668138949050428,[['2044668138949050428.jpg']],[['Sweater']]
262,2046577279527510024,[['2046577279527510024.jpg']],[['Skirt']]
263,2050485411475504832,"[['2019-05-24_00-15-30_UTC_3.jpg'], ['2050485411475504832_1.jpg'], ['2050485411475504832_2.jpg']]","[['Blouse'], ['Blouse'], ['Tee']]"
264,2052637300031982629,"[['2019-05-26_23-30-55_UTC_6.jpg'], ['2052637300031982629_1.jpg'], ['2052637300031982629_2.jpg'], ['2052637300031982629_3.jpg'], ['2052637300031982629_4.jpg'], ['2052637300031982629_5.jpg']]","[['Top'], ['Sweater'], ['Blouse'], ['Jacket'], ['Dress'], ['Jacket']]"
265,2054873100555609301,[['2054873100555609301.jpg']],[['Shorts']]
266,2057720170412994248,"[['2019-06-02_23-49-41_UTC_2.jpg'], ['2057720170412994248_1.jpg']]","[['Dress'], ['Blouse']]"
267,2058458245200022292,"[['2019-06-04_00-16-06_UTC_2.jpg'], ['2058458245200022292_1.jpg']]","[['Blouse'], ['Sweater']]"
268,2059927022034999184,[['2059927022034999184.jpg']],[['Jeans']]
269,2062027839697120937,[['2062027839697120937.jpg']],[['Blouse']]
270,2065689004138656916,[['2065689004138656916.jpg']],[['Dress']]
271,2066422635941402272,[['2066422635941402272.jpg']],[['Sweater']]
272,2067907241458898830,"[['2019-06-17_01-09-34_UTC_2.jpg'], ['2067907241458898830_1.jpg']]","[['Sweater'], ['Dress']]"
273,2069318602499984647,"[['2019-06-18_23-53-42_UTC_3.jpg'], ['2069318602499984647_1.jpg'], ['2069318602499984647_2.jpg']]","[['Sweater'], ['Jacket'], ['Jacket']]"
274,2072104782916258023,[['2072104782916258023.jpg']],[['Tee']]
275,2074854584842218416,[['2074854584842218416.jpg']],[['Sweater']]
276,2076537597875615972,[['2076537597875615972.jpg']],[['Shorts']]
277,2077993145540092311,[['2077993145540092311.jpg']],[['Dress']]
278,2078765142121643585,"[['2019-07-02_00-42-17_UTC_2.jpg'], ['2078765142121643585_1.jpg']]","[['Skirt'], ['Jacket']]"
279,2080948637988201133,[['2080948637988201133.jpg']],[['Tee']]
280,2081575366159072241,[['2081575366159072241.jpg']],[['Skirt']]
281,2083047072228884120,"[['2019-07-07_22-29-43_UTC_2.jpg'], ['2083047072228884120_1.jpg']]","[['Blouse'], ['Sweater']]"
282,2084964940918966140,"[['2019-07-10_14-00-11_UTC_3.jpg'], ['2084964940918966140_1.jpg'], ['2084964940918966140_2.jpg']]","[['Jeans'], ['Blouse'], ['Skirt']]"
283,2086055437938758963,[['2086055437938758963.jpg']],[['Jacket']]
284,2088570593939875447,"[['2019-07-15_13-23-58_UTC_3.jpg'], ['2088570593939875447_1.jpg'], ['2088570593939875447_2.jpg']]","[['Dress'], ['Jeans'], ['Tee']]"
285,2089665034419272108,[['2089665034419272108.jpg']],[['Dress']]
286,2091066457703053337,"[['2019-07-19_00-02-48_UTC_3.jpg'], ['2091066457703053337_1.jpg'], ['2091066457703053337_2.jpg']]","[['Sweater'], ['Dress'], ['Sweater']]"
287,2092554599547151003,[['2092554599547151003.jpg']],[['Jacket']]
288,2092959040964208288,"[['2019-07-21_14-43-02_UTC_3.jpg'], ['2092959040964208288_1.jpg'], ['2092959040964208288_2.jpg']]","[['Jacket'], ['Tee'], ['Dress']]"
289,2098277255479249596,[['2098277255479249596.jpg']],[['Tee']]
290,2099756647602666736,"[['2019-07-30_23-48-39_UTC_4.jpg'], ['2099756647602666736_1.jpg'], ['2099756647602666736_2.jpg'], ['2099756647602666736_3.jpg']]","[['Dress'], ['Dress'], ['Top'], ['Jeans']]"
291,2100198821322460647,"[['2019-07-31_14-27-11_UTC_2.jpg'], ['2100198821322460647_1.jpg']]","[['Jacket'], ['Skirt']]"
292,2101172681870107121,[['2101172681870107121.jpg']],[['Tee']]
293,2101765750222918164,"[['2019-08-02_18-20-23_UTC_3.jpg'], ['2101765750222918164_1.jpg'], ['2101765750222918164_2.jpg']]","[['Dress'], ['Dress'], ['Skirt']]"
294,2104710418689954607,[['2104710418689954607.jpg']],[['Tee']]
295,2105342533782344790,"[['2019-08-07_16-46-49_UTC_3.jpg'], ['2105342533782344790_1.jpg'], ['2105342533782344790_2.jpg']]","[['Jacket'], ['Shorts'], ['Shorts']]"
296,2106105517987307169,[['2106105517987307169.jpg']],[['Blouse']]
297,2108499452084752453,"[['2019-08-12_01-19-03_UTC_3.jpg'], ['2108499452084752453_1.jpg'], ['2108499452084752453_2.jpg']]","[['Dress'], ['Jeans'], ['Dress']]"
298,2113544787404447225,"[['2019-08-19_00-23-14_UTC_2.jpg'], ['2113544787404447225_1.jpg']]","[['Jeans'], ['Skirt']]"
299,2114341208424509173,[['2114341208424509173.jpg']],[['Dress']]
300,2115701999522354414,[['2115701999522354414.jpg']],[['Dress']]
301,2119346028009084580,"[['2019-08-27_00-29-16_UTC_3.jpg'], ['2119346028009084580_1.jpg'], ['2119346028009084580_2.jpg']]","[['Tee'], ['Sweater'], ['Sweater']]"
302,2119865447353410757,"[['2019-08-27_17-41-15_UTC_2.jpg'], ['2119865447353410757_1.jpg']]","[['Jacket'], ['Blouse']]"
303,2123656050574698428,"[['2019-09-01_23-12-30_UTC_2.jpg'], ['2123656050574698428_1.jpg']]","[['Top'], ['Jacket']]"
304,2127271200238126915,"[['2019-09-06_22-55-10_UTC_3.jpg'], ['2127271200238126915_1.jpg'], ['2127271200238126915_2.jpg']]","[['Tee'], ['Sweater'], ['Tee']]"
305,2128689356605419285,[['2128689356605419285.jpg']],[['Blouse']]
306,2131629054831100014,[['2131629054831100014.jpg']],[['Dress']]
307,2132361428409909093,"[['2019-09-13_23-28-32_UTC_4.jpg'], ['2132361428409909093_1.jpg'], ['2132361428409909093_2.jpg'], ['2132361428409909093_3.jpg']]","[['Blouse'], ['Dress'], ['Jacket'], ['Jacket']]"
308,2133865036741836841,[['2133865036741836841.jpg']],[['Shorts']]
309,2137981329338198691,[['2137981329338198691.jpg']],[['Skirt']]
310,2138917851813946634,"[['2019-09-23_00-34-59_UTC_2.jpg'], ['2138917851813946634_1.jpg']]","[['Jacket'], ['Blouse']]"
311,2139473255207845837,[['2139473255207845837.jpg']],[['Dress']]
312,2145264961933250707,"[['2019-10-01_18-45-33_UTC_3.jpg'], ['2145264961933250707_1.jpg'], ['2145264961933250707_2.jpg']]","[['Sweater'], ['Shorts'], ['Tee']]"
313,2148354143744329611,[['2148354143744329611.jpg']],[['Dress']]
314,2149052863293106320,"[['2019-10-07_00-11-26_UTC_4.jpg'], ['2149052863293106320_1.jpg'], ['2149052863293106320_2.jpg'], ['2149052863293106320_3.jpg']]","[['Dress'], ['Skirt'], ['Dress'], ['Skirt']]"
315,2149792109230298289,[['2149792109230298289.jpg']],[['Jacket']]
316,2149808859778967539,[['2149808859778967539.jpg']],[['Jacket']]
317,2151028012720578539,"[['2019-10-09_17-35-42_UTC_4.jpg'], ['2151028012720578539_1.jpg'], ['2151028012720578539_2.jpg'], ['2151028012720578539_3.jpg']]","[['Skirt'], ['Dress'], ['Dress'], ['Dress']]"
318,2152663186461806627,[['2152663186461806627.jpg']],[['Dress']]
319,2153967369219626365,"[['2019-10-13_18-55-41_UTC_3.jpg'], ['2153967369219626365_1.jpg'], ['2153967369219626365_2.jpg']]","[['Jacket'], ['Tee'], ['Jacket']]"
320,2159049605883211347,[['2159049605883211347.jpg']],[['Skirt']]
321,2159219737523872259,[['2159219737523872259.jpg']],[['Sweater']]
322,2161378010884522474,[['2161378010884522474.jpg']],[['Tee']]
323,2164297563507579939,[['2164297563507579939.jpg']],[['Blouse']]
324,2166461452999692308,[['2166461452999692308.jpg']],[['Sweater']]
325,2167101325095785463,[['2167101325095785463.jpg']],[['Skirt']]
326,2171513104521564016,"[['2019-11-06_23-55-56_UTC_2.jpg'], ['2171513104521564016_1.jpg']]","[['Dress'], ['Dress']]"
327,2172971945780261220,"[['2019-11-09_00-14-23_UTC_2.jpg'], ['2172971945780261220_1.jpg']]","[['Dress'], ['Blouse']]"
328,2175012153283340298,"[['2019-11-11_19-47-55_UTC_3.jpg'], ['2175012153283340298_1.jpg'], ['2175012153283340298_2.jpg']]","[['Blouse'], ['Blouse'], ['Blouse']]"
329,2177837793762165173,"[['2019-11-15_17-21-57_UTC_2.jpg'], ['2177837793762165173_1.jpg']]","[['Shorts'], ['Shorts']]"
330,2178569329285338068,"[['2019-11-16_17-35-23_UTC_2.jpg'], ['2178569329285338068_1.jpg']]","[['Skirt'], ['Jacket']]"
331,2180735107380232099,"[['2019-11-19_17-18-24_UTC_2.jpg'], ['2180735107380232099_1.jpg']]","[['Dress'], ['Dress']]"
332,2182419003406604940,"[['2019-11-22_01-04-00_UTC_2.jpg'], ['2182419003406604940_1.jpg']]","[['Dress'], ['Shorts']]"
333,2183763431073378207,[['2183763431073378207.jpg']],[['Sweater']]
334,2185288916903315859,"[['2019-11-26_00-06-00_UTC_2.jpg'], ['2185288916903315859_1.jpg']]","[['Sweater'], ['Skirt']]"
335,2186536421477574046,[['2186536421477574046.jpg']],[['Tee']]
336,2189428485512972374,"[['2019-12-01_17-10-36_UTC_4.jpg'], ['2189428485512972374_1.jpg'], ['2189428485512972374_2.jpg'], ['2189428485512972374_3.jpg']]","[['Dress'], ['Dress'], ['Dress'], ['Top']]"
337,2191065073414172877,"[['2019-12-03_23-22-12_UTC_3.jpg'], ['2191065073414172877_1.jpg'], ['2191065073414172877_2.jpg']]","[['Jacket'], ['Sweater'], ['Top']]"
338,2192206711448445511,"[['2019-12-05_13-10-26_UTC_3.jpg'], ['2192206711448445511_1.jpg'], ['2192206711448445511_2.jpg']]","[['Tee'], ['Jeans'], ['Dress']]"
339,2197604987324668159,"[['2019-12-12_23-55-50_UTC_4.jpg'], ['2197604987324668159_1.jpg'], ['2197604987324668159_2.jpg'], ['2197604987324668159_3.jpg']]","[['Jeans'], ['Jeans'], ['Jeans'], ['Dress']]"
340,2203371120740797340,"[['2019-12-20_22-52-07_UTC_3.jpg'], ['2203371120740797340_1.jpg'], ['2203371120740797340_2.jpg']]","[['Jacket'], ['Shorts'], ['Shorts']]"
341,2208429086997275158,[['2208429086997275158.jpg']],[['Jeans']]
342,2209051855795632676,"[['2019-12-28_18-58-44_UTC_2.jpg'], ['2209051855795632676_1.jpg']]","[['Shorts'], ['Jacket']]"
343,2210619859763237902,[['2210619859763237902.jpg']],[['Blouse']]
344,2211944115084405409,"[['2020-01-01_18-45-08_UTC_2.jpg'], ['2211944115084405409_1.jpg']]","[['Jacket'], ['Jacket']]"
345,2212748412470568174,[['2212748412470568174.jpg']],[['Jacket']]
346,2215456503972606336,"[['2020-01-06_15-03-37_UTC_2.jpg'], ['2215456503972606336_1.jpg']]","[['Jacket'], ['Jacket']]"
347,2216395032273805920,[['2216395032273805920.jpg']],[['Skirt']]
348,2224247040347454327,[['2224247040347454327.jpg']],[['Jacket']]
349,2228035711236273520,"[['2020-01-23_23-36-15_UTC_3.jpg'], ['2228035711236273520_1.jpg'], ['2228035711236273520_2.jpg']]","[['Dress'], ['Blouse'], ['Blouse']]"
350,2232123867845728953,[['2232123867845728953.jpg']],[['Sweater']]
351,2232127071077672216,"[['2020-01-29_15-05-04_UTC_4.jpg'], ['2232127071077672216_1.jpg'], ['2232127071077672216_2.jpg'], ['2232127071077672216_3.jpg']]","[['Dress'], ['Dress'], ['Shorts'], ['Dress']]"
352,2232127594082146075,[['2232127594082146075.jpg']],[['Shorts']]
353,2232948089853804069,"[['2020-01-30_18-16-17_UTC_4.jpg'], ['2232948089853804069_1.jpg'], ['2232948089853804069_2.jpg'], ['2232948089853804069_3.jpg']]","[['Shorts'], ['Blouse'], ['Skirt'], ['Jeans']]"
354,2233104531134996038,[['2233104531134996038.jpg']],[['Dress']]
355,2233901620165317703,"[['2020-02-01_01-50-46_UTC_2.jpg'], ['2233901620165317703_1.jpg']]","[['Blouse'], ['Skirt']]"
356,2234918884326924388,[['2234918884326924388.jpg']],[['Sweater']]
357,2236710423415914327,"[['2020-02-04_22-51-22_UTC_3.jpg'], ['2236710423415914327_1.jpg'], ['2236710423415914327_2.jpg']]","[['Jacket'], ['Sweater'], ['Dress']]"
358,2237350738095136256,"[['2020-02-05_20-03-33_UTC_3.jpg'], ['2237350738095136256_1.jpg'], ['2237350738095136256_2.jpg']]","[['Jacket'], ['Top'], ['Jacket']]"
359,2237485547832447491,"[['2020-02-06_00-31-24_UTC_5.jpg'], ['2237485547832447491_1.jpg'], ['2237485547832447491_2.jpg'], ['2237485547832447491_3.jpg'], ['2237485547832447491_4.jpg']]","[['Dress'], ['Shorts'], ['Jacket'], ['Dress'], ['Tee']]"
360,2238045382785252544,"[['2020-02-06_19-03-41_UTC_4.jpg'], ['2238045382785252544_1.jpg'], ['2238045382785252544_2.jpg'], ['2238045382785252544_3.jpg']]","[['Skirt'], ['Dress'], ['Shorts'], ['Shorts']]"
361,2238987217565266869,"[['2020-02-08_02-14-57_UTC_2.jpg'], ['2238987217565266869_1.jpg']]","[['Tee'], ['Skirt']]"
362,2240801613086194082,"[['2020-02-10_14-19-50_UTC_3.jpg'], ['2240801613086194082_1.jpg'], ['2240801613086194082_2.jpg']]","[['Blouse'], ['Blouse'], ['Tee']]"
363,2243267030656397411,"[['2020-02-13_23-58-10_UTC_2.jpg'], ['2243267030656397411_1.jpg']]","[['Sweater'], ['Jeans']]"
364,2244684341997166434,"[['2020-02-15_22-54-07_UTC_3.jpg'], ['2244684341997166434_1.jpg'], ['2244684341997166434_2.jpg']]","[['Skirt'], ['Dress'], ['Skirt']]"
365,2246207758600544793,"[['2020-02-18_01-20-52_UTC_5.jpg'], ['2246207758600544793_1.jpg'], ['2246207758600544793_2.jpg'], ['2246207758600544793_3.jpg'], ['2246207758600544793_4.jpg']]","[['Sweater'], ['Jacket'], ['Sweater'], ['Skirt'], ['Sweater']]"
366,2248178221715306118,"[['2020-02-20_18-35-50_UTC_3.jpg'], ['2248178221715306118_1.jpg'], ['2248178221715306118_2.jpg']]","[['Blouse'], ['Shorts'], ['Shorts']]"
367,2249827711882946608,"[['2020-02-23_01-13-04_UTC_3.jpg'], ['2249827711882946608_1.jpg'], ['2249827711882946608_2.jpg']]","[['Shorts'], ['Jacket'], ['Jacket']]"
368,2250574766934913361,"[['2020-02-24_01-57-20_UTC_2.jpg'], ['2250574766934913361_1.jpg']]","[['Tee'], ['Jacket']]"
369,2252746802168015139,[['2252746802168015139.jpg']],[['Tee']]
370,2254835325855558987,"[['2020-02-29_23-02-18_UTC_4.jpg'], ['2254835325855558987_1.jpg'], ['2254835325855558987_2.jpg'], ['2254835325855558987_3.jpg']]","[['Skirt'], ['Tee'], ['Sweater'], ['Dress']]"
371,2255623099546152061,"[['2020-03-02_01-07-28_UTC_3.jpg'], ['2255623099546152061_1.jpg'], ['2255623099546152061_2.jpg']]","[['Top'], ['Dress'], ['Tee']]"
372,2258491284502907103,"[['2020-03-06_00-06-03_UTC_3.jpg'], ['2258491284502907103_1.jpg'], ['2258491284502907103_2.jpg']]","[['Dress'], ['Sweater'], ['Dress']]"
373,2259941886252743236,"[['2020-03-08_00-08-08_UTC_3.jpg'], ['2259941886252743236_1.jpg'], ['2259941886252743236_2.jpg']]","[['Jacket'], ['Sweater'], ['Skirt']]"
374,2260675961032641292,"[['2020-03-09_00-26-36_UTC_3.jpg'], ['2260675961032641292_1.jpg'], ['2260675961032641292_2.jpg']]","[['Skirt'], ['Tee'], ['Skirt']]"
375,2262170379719918125,"[['2020-03-11_01-55-45_UTC_4.jpg'], ['2262170379719918125_1.jpg'], ['2262170379719918125_2.jpg'], ['2262170379719918125_3.jpg']]","[['Sweater'], ['Tee'], ['Jacket'], ['Shorts']]"
376,2264674280364854271,"[['2020-03-14_12-50-33_UTC_2.jpg'], ['2264674280364854271_1.jpg']]","[['Blouse'], ['Blouse']]"
377,2267190660372926356,"[['2020-03-18_00-10-09_UTC_2.jpg'], ['2267190660372926356_1.jpg']]","[['Blouse'], ['Blouse']]"
378,2270053039490215350,"[['2020-03-21_22-57-11_UTC_3.jpg'], ['2270053039490215350_1.jpg'], ['2270053039490215350_2.jpg']]","[['Jacket'], ['Dress'], ['Dress']]"
379,2270801315193688472,"[['2020-03-22_23-43-53_UTC_8.jpg'], ['2270801315193688472_1.jpg'], ['2270801315193688472_2.jpg'], ['2270801315193688472_3.jpg'], ['2270801315193688472_4.jpg'], ['2270801315193688472_5.jpg'], ['2270801315193688472_6.jpg'], ['2270801315193688472_7.jpg']]","[['Jacket'], ['Shorts'], ['Skirt'], ['Shorts'], ['Jeans'], ['Skirt'], ['Blouse'], ['Dress']]"
380,2273639029177845460,"[['2020-03-26_21-41-55_UTC_6.jpg'], ['2273639029177845460_1.jpg'], ['2273639029177845460_2.jpg'], ['2273639029177845460_3.jpg'], ['2273639029177845460_4.jpg'], ['2273639029177845460_5.jpg']]","[['Sweater'], ['Blouse'], ['Dress'], ['Dress'], ['Skirt'], ['Sweater']]"
381,2278106523758481002,"[['2020-04-02_01-38-01_UTC_3.jpg'], ['2278106523758481002_1.jpg'], ['2278106523758481002_2.jpg']]","[['Jacket'], ['Skirt'], ['Shorts']]"
382,2279449919936608481,"[['2020-04-03_22-07-07_UTC_3.jpg'], ['2279449919936608481_1.jpg'], ['2279449919936608481_2.jpg']]","[['Dress'], ['Dress'], ['Dress']]"
383,2280223848330590272,"[['2020-04-04_23-44-46_UTC_4.jpg'], ['2280223848330590272_1.jpg'], ['2280223848330590272_2.jpg'], ['2280223848330590272_3.jpg']]","[['Dress'], ['Dress'], ['Dress'], ['Dress']]"
384,2281036328359398774,[['2281036328359398774.jpg']],[['Sweater']]
385,2282382767588974647,"[['2020-04-07_23-14-09_UTC_4.jpg'], ['2282382767588974647_1.jpg'], ['2282382767588974647_2.jpg'], ['2282382767588974647_3.jpg']]","[['Jeans'], ['Jacket'], ['Jacket'], ['Dress']]"
386,2283545157764384809,"[['2020-04-09_13-43-37_UTC_2.jpg'], ['2283545157764384809_1.jpg']]","[['Tee'], ['Shorts']]"
387,2284556513166956587,"[['2020-04-10_23-13-00_UTC_6.jpg'], ['2284556513166956587_1.jpg'], ['2284556513166956587_2.jpg'], ['2284556513166956587_3.jpg'], ['2284556513166956587_4.jpg'], ['2284556513166956587_5.jpg']]","[['Skirt'], ['Dress'], ['Dress'], ['Jacket'], ['Jacket'], ['Jeans']]"
388,2288121599726732214,"[['2020-04-15_21-16-12_UTC_3.jpg'], ['2288121599726732214_1.jpg'], ['2288121599726732214_2.jpg']]","[['Skirt'], ['Sweater'], ['Jeans']]"
389,2288829827502824811,"[['2020-04-16_20-43-19_UTC_2.jpg'], ['2288829827502824811_1.jpg']]","[['Skirt'], ['Skirt']]"
390,2290385771579793483,"[['2020-04-19_00-14-42_UTC_4.jpg'], ['2290385771579793483_1.jpg'], ['2290385771579793483_2.jpg'], ['2290385771579793483_3.jpg']]","[['Dress'], ['Dress'], ['Skirt'], ['Dress']]"
391,2295477643985611238,[['2295477643985611238.jpg']],[['Dress']]
392,2296853207824830238,"[['2020-04-27_22-24-20_UTC_2.jpg'], ['2296853207824830238_1.jpg']]","[['Top'], ['Top']]"
393,2299073314286393468,"[['2020-04-30_23-55-18_UTC_5.jpg'], ['2299073314286393468_1.jpg'], ['2299073314286393468_2.jpg'], ['2299073314286393468_3.jpg'], ['2299073314286393468_4.jpg']]","[['Dress'], ['Dress'], ['Dress'], ['Dress'], ['Dress']]"
394,2299630900706532896,"[['2020-05-01_18-23-07_UTC_7.jpg'], ['2299630900706532896_1.jpg'], ['2299630900706532896_2.jpg'], ['2299630900706532896_3.jpg'], ['2299630900706532896_4.jpg'], ['2299630900706532896_5.jpg'], ['2299630900706532896_6.jpg']]","[['Dress'], ['Dress'], ['Dress'], ['Blouse'], ['Dress'], ['Jacket'], ['Dress']]"
395,2300530821043081965,"[['2020-05-03_00-11-06_UTC_3.jpg'], ['2300530821043081965_1.jpg'], ['2300530821043081965_2.jpg']]","[['Skirt'], ['Skirt'], ['Blouse']]"
396,2301255197174634572,"[['2020-05-04_00-10-18_UTC_2.jpg'], ['2301255197174634572_1.jpg']]","[['Sweater'], ['Jacket']]"
397,2304194232574626792,"[['2020-05-08_01-29-39_UTC_2.jpg'], ['2304194232574626792_1.jpg']]","[['Sweater'], ['Sweater']]"
398,2307869631041214041,"[['2020-05-13_03-12-00_UTC_6.jpg'], ['2307869631041214041_1.jpg'], ['2307869631041214041_2.jpg'], ['2307869631041214041_3.jpg'], ['2307869631041214041_4.jpg'], ['2307869631041214041_5.jpg']]","[['Shorts'], ['Top'], ['Blouse'], ['Dress'], ['Dress'], ['Blouse']]"
399,2310608429521014049,"[['2020-05-16_21-53-31_UTC_4.jpg'], ['2310608429521014049_1.jpg'], ['2310608429521014049_2.jpg'], ['2310608429521014049_3.jpg']]","[['Skirt'], ['Dress'], ['Skirt'], ['Tee']]"
400,2311381988539356894,"[['2020-05-17_23-30-26_UTC_3.jpg'], ['2311381988539356894_1.jpg'], ['2311381988539356894_2.jpg']]","[['Dress'], ['Dress'], ['Skirt']]"
401,2312132583256683362,[['2312132583256683362.jpg']],[['Dress']]
402,2313516240063964923,"[['2020-05-20_22-10-49_UTC_2.jpg'], ['2313516240063964923_1.jpg']]","[['Dress'], ['Dress']]"
403,2314961959325018326,"[['2020-05-22_22-03-12_UTC_2.jpg'], ['2314961959325018326_1.jpg']]","[['Skirt'], ['Jacket']]"
404,2316438895885009241,[['2316438895885009241.jpg']],[['Tee']]
405,2317191674920200454,"[['2020-05-25_23-53-15_UTC_2.jpg'], ['2317191674920200454_1.jpg']]","[['Skirt'], ['Sweater']]"
406,2317963077579738928,[['2317963077579738928.jpg']],[['Dress']]
407,2319374391191609194,"[['2020-05-29_00-09-55_UTC_8.jpg'], ['2319374391191609194_1.jpg'], ['2319374391191609194_2.jpg'], ['2319374391191609194_3.jpg'], ['2319374391191609194_4.jpg'], ['2319374391191609194_5.jpg'], ['2319374391191609194_6.jpg'], ['2319374391191609194_7.jpg']]","[['Skirt'], ['Shorts'], ['Sweater'], ['Shorts'], ['Skirt'], ['Tee'], ['Skirt'], ['Jacket']]"
408,2323817629759705850,"[['2020-06-04_03-17-50_UTC_2.jpg'], ['2323817629759705850_1.jpg']]","[['Blouse'], ['Tee']]"
409,2325832853849141257,"[['2020-06-06_22-01-43_UTC_3.jpg'], ['2325832853849141257_1.jpg'], ['2325832853849141257_2.jpg']]","[['Dress'], ['Skirt'], ['Tee']]"
410,2326593724670034640,"[['2020-06-07_23-13-26_UTC_3.jpg'], ['2326593724670034640_1.jpg'], ['2326593724670034640_2.jpg']]","[['Dress'], ['Dress'], ['Dress']]"
411,2329910783068065065,"[['2020-06-12_13-03-50_UTC_3.jpg'], ['2329910783068065065_1.jpg'], ['2329910783068065065_2.jpg']]","[['Tee'], ['Tee'], ['Tee']]"
412,2333152366793953967,[['2333152366793953967.jpg']],[['Skirt']]
413,2333650559109577627,[['2333650559109577627.jpg']],[['Sweater']]
414,2335828239112368262,"[['2020-06-20_17-00-46_UTC_3.jpg'], ['2335828239112368262_1.jpg'], ['2335828239112368262_2.jpg']]","[['Dress'], ['Top'], ['Blouse']]"
415,2336704889676921500,"[['2020-06-21_22-02-31_UTC_3.jpg'], ['2336704889676921500_1.jpg'], ['2336704889676921500_2.jpg']]","[['Skirt'], ['Dress'], ['Dress']]"
416,2344085614369817114,"[['2020-07-02_02-26-42_UTC_2.jpg'], ['2344085614369817114_1.jpg']]","[['Skirt'], ['Shorts']]"
417,2347518860684415445,[['2347518860684415445.jpg']],[['Dress']]
418,2349166637034117183,[['2349166637034117183.jpg']],[['Jacket']]
419,2352000733196265121,"[['2020-07-13_00-32-38_UTC_3.jpg'], ['2352000733196265121_1.jpg'], ['2352000733196265121_2.jpg']]","[['Shorts'], ['Shorts'], ['Shorts']]"
420,2353867456895703156,[['2353867456895703156.jpg']],[['Dress']]
421,2356214270563082204,[['2356214270563082204.jpg']],[['Dress']]
422,2357566018305276184,"[['2020-07-20_16-49-51_UTC_5.jpg'], ['2357566018305276184_1.jpg'], ['2357566018305276184_2.jpg'], ['2357566018305276184_3.jpg'], ['2357566018305276184_4.jpg']]","[['Skirt'], ['Shorts'], ['Dress'], ['Skirt'], ['Tee']]"
423,2359981317457632805,"[['2020-07-24_00-48-37_UTC_6.jpg'], ['2359981317457632805_1.jpg'], ['2359981317457632805_2.jpg'], ['2359981317457632805_3.jpg'], ['2359981317457632805_4.jpg'], ['2359981317457632805_5.jpg']]","[['Jeans'], ['Skirt'], ['Top'], ['Jacket'], ['Skirt'], ['Jacket']]"
424,2362770689907030941,"[['2020-07-27_21-10-37_UTC_4.jpg'], ['2362770689907030941_1.jpg'], ['2362770689907030941_2.jpg'], ['2362770689907030941_3.jpg']]","[['Tee'], ['Skirt'], ['Skirt'], ['Skirt']]"
425,2364407572189913403,"[['2020-07-30_03-22-48_UTC_4.jpg'], ['2364407572189913403_1.jpg'], ['2364407572189913403_2.jpg'], ['2364407572189913403_3.jpg']]","[['Top'], ['Sweater'], ['Sweater'], ['Sweater']]"
426,2365056743167059222,"[['2020-07-31_00-52-35_UTC_2.jpg'], ['2365056743167059222_1.jpg']]","[['Tee'], ['Jacket']]"
427,2366277661558147782,"[['2020-08-01_17-18-20_UTC_3.jpg'], ['2366277661558147782_1.jpg'], ['2366277661558147782_2.jpg']]","[['Skirt'], ['Skirt'], ['Dress']]"
428,2366953129714301929,"[['2020-08-02_15-40-22_UTC_5.jpg'], ['2366953129714301929_1.jpg'], ['2366953129714301929_2.jpg'], ['2366953129714301929_3.jpg'], ['2366953129714301929_4.jpg']]","[['Tee'], ['Jacket'], ['Skirt'], ['Tee'], ['Tee']]"
429,2367918999156481389,"[['2020-08-03_23-39-23_UTC_5.jpg'], ['2367918999156481389_1.jpg'], ['2367918999156481389_2.jpg'], ['2367918999156481389_3.jpg'], ['2367918999156481389_4.jpg']]","[['Blouse'], ['Blouse'], ['Skirt'], ['Dress'], ['Dress']]"
430,2370544161735417779,"[['2020-08-07_14-35-07_UTC_3.jpg'], ['2370544161735417779_1.jpg'], ['2370544161735417779_2.jpg']]","[['Dress'], ['Dress'], ['Skirt']]"
431,2371497707272366610,"[['2020-08-08_22-09-38_UTC_4.jpg'], ['2371497707272366610_1.jpg'], ['2371497707272366610_2.jpg'], ['2371497707272366610_3.jpg']]","[['Dress'], ['Shorts'], ['Sweater'], ['Dress']]"
432,2378820501395953816,"[['2020-08-19_00-38-43_UTC_4.jpg'], ['2378820501395953816_1.jpg'], ['2378820501395953816_2.jpg'], ['2378820501395953816_3.jpg']]","[['Tee'], ['Jacket'], ['Shorts'], ['Skirt']]"
433,2380193282515691499,"[['2020-08-20_22-06-11_UTC_4.jpg'], ['2380193282515691499_1.jpg'], ['2380193282515691499_2.jpg'], ['2380193282515691499_3.jpg']]","[['Blouse'], ['Shorts'], ['Dress'], ['Top']]"
434,2381005983064258999,"[['2020-08-22_01-00-53_UTC_3.jpg'], ['2381005983064258999_1.jpg'], ['2381005983064258999_2.jpg']]","[['Tee'], ['Blouse'], ['Sweater']]"
435,2385767387096788420,"[['2020-08-28_14-40-56_UTC_3.jpg'], ['2385767387096788420_1.jpg'], ['2385767387096788420_2.jpg']]","[['Skirt'], ['Skirt'], ['Skirt']]"
436,2387878389217170391,"[['2020-08-31_12-35-08_UTC_6.jpg'], ['2387878389217170391_1.jpg'], ['2387878389217170391_2.jpg'], ['2387878389217170391_3.jpg'], ['2387878389217170391_4.jpg'], ['2387878389217170391_5.jpg']]","[['Skirt'], ['Dress'], ['Dress'], ['Skirt'], ['Tee'], ['Tee']]"
437,2389575456406764598,"[['2020-09-02_20-46-54_UTC_6.jpg'], ['2389575456406764598_1.jpg'], ['2389575456406764598_2.jpg'], ['2389575456406764598_3.jpg'], ['2389575456406764598_4.jpg'], ['2389575456406764598_5.jpg']]","[['Skirt'], ['Shorts'], ['Blouse'], ['Dress'], ['Blouse'], ['Skirt']]"
438,2390464753729198961,"[['2020-09-04_02-13-46_UTC_10.jpg'], ['2390464753729198961_1.jpg'], ['2390464753729198961_2.jpg'], ['2390464753729198961_3.jpg'], ['2390464753729198961_4.jpg'], ['2390464753729198961_5.jpg'], ['2390464753729198961_6.jpg'], ['2390464753729198961_7.jpg'], ['2390464753729198961_8.jpg'], ['2390464753729198961_9.jpg']]","[['Jeans'], ['Shorts'], ['Sweater'], ['Skirt'], ['Jacket'], ['Jacket'], ['Skirt'], ['Jeans'], ['Tee'], ['Jacket']]"
439,2391527370245644726,"[['2020-09-05_13-25-00_UTC_6.jpg'], ['2391527370245644726_1.jpg'], ['2391527370245644726_2.jpg'], ['2391527370245644726_3.jpg'], ['2391527370245644726_4.jpg'], ['2391527370245644726_5.jpg']]","[['Jacket'], ['Jeans'], ['Jeans'], ['Jeans'], ['Shorts'], ['Skirt']]"
440,2396899246157539567,"[['2020-09-12_23-17-57_UTC_5.jpg'], ['2396899246157539567_1.jpg'], ['2396899246157539567_2.jpg'], ['2396899246157539567_3.jpg'], ['2396899246157539567_4.jpg']]","[['Dress'], ['Jeans'], ['Tee'], ['Jeans'], ['Jeans']]"
441,2397373669100597784,"[['2020-09-13_15-00-33_UTC_4.jpg'], ['2397373669100597784_1.jpg'], ['2397373669100597784_2.jpg'], ['2397373669100597784_3.jpg']]","[['Jacket'], ['Dress'], ['Sweater'], ['Jeans']]"
442,2400221441629773671,[['2400221441629773671.jpg']],[['Tee']]
443,2401064560017331294,"[['2020-09-18_17-13-42_UTC_4.jpg'], ['2401064560017331294_1.jpg'], ['2401064560017331294_2.jpg'], ['2401064560017331294_3.jpg']]","[['Tee'], ['Dress'], ['Tee'], ['Blouse']]"
444,2403384988182447279,"[['2020-09-21_22-03-58_UTC_5.jpg'], ['2403384988182447279_1.jpg'], ['2403384988182447279_2.jpg'], ['2403384988182447279_3.jpg'], ['2403384988182447279_4.jpg']]","[['Tee'], ['Blouse'], ['Dress'], ['Top'], ['Tee']]"
445,2404524232024219179,"[['2020-09-23_11-47-27_UTC_4.jpg'], ['2404524232024219179_1.jpg'], ['2404524232024219179_2.jpg'], ['2404524232024219179_3.jpg']]","[['Dress'], ['Dress'], ['Dress'], ['Dress']]"
446,2405662113329351807,"[['2020-09-25_01-28-13_UTC_3.jpg'], ['2405662113329351807_1.jpg'], ['2405662113329351807_2.jpg']]","[['Blouse'], ['Sweater'], ['Top']]"
447,2407477734098797841,"[['2020-09-27_13-35-32_UTC_3.jpg'], ['2407477734098797841_1.jpg'], ['2407477734098797841_2.jpg']]","[['Shorts'], ['Dress'], ['Skirt']]"
448,2409259011042794229,"[['2020-09-30_00-34-36_UTC_2.jpg'], ['2409259011042794229_1.jpg']]","[['Dress'], ['Jacket']]"
449,2410421211786653985,"[['2020-10-01_15-03-41_UTC_3.jpg'], ['2410421211786653985_1.jpg'], ['2410421211786653985_2.jpg']]","[['Tee'], ['Dress'], ['Dress']]"
450,2413248135370170602,"[['2020-10-05_12-40-17_UTC_4.jpg'], ['2413248135370170602_1.jpg'], ['2413248135370170602_2.jpg'], ['2413248135370170602_3.jpg']]","[['Dress'], ['Dress'], ['Dress'], ['Dress']]"
451,2420511559624160608,"[['2020-10-15_13-11-25_UTC_2.jpg'], ['2420511559624160608_1.jpg']]","[['Shorts'], ['Skirt']]"
452,2424115982254356001,"[['2020-10-20_12-32-45_UTC_4.jpg'], ['2424115982254356001_1.jpg'], ['2424115982254356001_2.jpg'], ['2424115982254356001_3.jpg']]","[['Tee'], ['Blouse'], ['Blouse'], ['Blouse']]"
453,2429928271981247199,"[['2020-10-28_13-00-44_UTC_7.jpg'], ['2429928271981247199_1.jpg'], ['2429928271981247199_2.jpg'], ['2429928271981247199_3.jpg'], ['2429928271981247199_4.jpg'], ['2429928271981247199_5.jpg'], ['2429928271981247199_6.jpg']]","[['Sweater'], ['Dress'], ['Skirt'], ['Tee'], ['Tee'], ['Tee'], ['Tee']]"
454,2432479442356719951,"[['2020-11-01_01-29-27_UTC_4.jpg'], ['2432479442356719951_1.jpg'], ['2432479442356719951_2.jpg'], ['2432479442356719951_3.jpg']]","[['Blouse'], ['Skirt'], ['Jacket'], ['Tee']]"
455,2434402152188087540,"[['2020-11-03_17-09-32_UTC_4.jpg'], ['2434402152188087540_1.jpg'], ['2434402152188087540_2.jpg'], ['2434402152188087540_3.jpg']]","[['Shorts'], ['Jacket'], ['Dress'], ['Jacket']]"
456,2442996372318583601,"[['2020-11-15_13-44-43_UTC_6.jpg'], ['2442996372318583601_1.jpg'], ['2442996372318583601_2.jpg'], ['2442996372318583601_3.jpg'], ['2442996372318583601_4.jpg'], ['2442996372318583601_5.jpg']]","[['Shorts'], ['Tee'], ['Dress'], ['Top'], ['Shorts'], ['Skirt']]"
457,2452758679898693342,"[['2020-11-29_01-00-41_UTC_4.jpg'], ['2452758679898693342_1.jpg'], ['2452758679898693342_2.jpg'], ['2452758679898693342_3.jpg']]","[['Jacket'], ['Jacket'], ['Skirt'], ['Blouse']]"
458,2454727248731508770,"[['2020-12-01_18-11-53_UTC_3.jpg'], ['2454727248731508770_1.jpg'], ['2454727248731508770_2.jpg']]","[['Skirt'], ['Tee'], ['Skirt']]"
459,2458494889044525630,[['2458494889044525630.jpg']],[['Blouse']]
460,2462118524640658599,"[['2020-12-11_22-57-01_UTC_7.jpg'], ['2462118524640658599_1.jpg'], ['2462118524640658599_2.jpg'], ['2462118524640658599_3.jpg'], ['2462118524640658599_4.jpg'], ['2462118524640658599_5.jpg'], ['2462118524640658599_6.jpg']]","[['Jacket'], ['Dress'], ['Skirt'], ['Jacket'], ['Jacket'], ['Shorts'], ['Tee']]"
461,2462835562476498084,"[['2020-12-12_22-41-39_UTC_8.jpg'], ['2462835562476498084_1.jpg'], ['2462835562476498084_2.jpg'], ['2462835562476498084_3.jpg'], ['2462835562476498084_4.jpg'], ['2462835562476498084_5.jpg'], ['2462835562476498084_6.jpg'], ['2462835562476498084_7.jpg']]","[['Shorts'], ['Blouse'], ['Sweater'], ['Shorts'], ['Jacket'], ['Blouse'], ['Skirt'], ['Tee']]"
462,2464019098051224182,"[['2020-12-14_13-53-07_UTC_4.jpg'], ['2464019098051224182_1.jpg'], ['2464019098051224182_2.jpg'], ['2464019098051224182_3.jpg']]","[['Jeans'], ['Skirt'], ['Skirt'], ['Dress']]"
463,2468461842815298803,"[['2020-12-20_17-00-04_UTC_4.jpg'], ['2468461842815298803_1.jpg'], ['2468461842815298803_2.jpg'], ['2468461842815298803_3.jpg']]","[['Top'], ['Blouse'], ['Blouse'], ['Tee']]"
464,2473708470501519531,"[['2020-12-27_22-44-11_UTC_4.jpg'], ['2473708470501519531_1.jpg'], ['2473708470501519531_2.jpg'], ['2473708470501519531_3.jpg']]","[['Shorts'], ['Jeans'], ['Jeans'], ['Shorts']]"
465,2487952604942573164,"[['2021-01-16_14-24-44_UTC_6.jpg'], ['2487952604942573164_1.jpg'], ['2487952604942573164_2.jpg'], ['2487952604942573164_3.jpg'], ['2487952604942573164_4.jpg'], ['2487952604942573164_5.jpg']]","[['Skirt'], ['Dress'], ['Jacket'], ['Jacket'], ['Dress'], ['Tee']]"
466,2493815139168217558,"[['2021-01-24_16-32-32_UTC_5.jpg'], ['2493815139168217558_1.jpg'], ['2493815139168217558_2.jpg'], ['2493815139168217558_3.jpg'], ['2493815139168217558_4.jpg']]","[['Blouse'], ['Dress'], ['Tee'], ['Tee'], ['Tee']]"
467,2495531571216328076,"[['2021-01-27_01-22-47_UTC_10.jpg'], ['2495531571216328076_1.jpg'], ['2495531571216328076_2.jpg'], ['2495531571216328076_3.jpg'], ['2495531571216328076_4.jpg'], ['2495531571216328076_5.jpg'], ['2495531571216328076_6.jpg'], ['2495531571216328076_7.jpg'], ['2495531571216328076_8.jpg'], ['2495531571216328076_9.jpg']]","[['Sweater'], ['Top'], ['Tee'], ['Sweater'], ['Shorts'], ['Jacket'], ['Dress'], ['Blouse'], ['Dress'], ['Dress']]"
468,2498192510487066064,"[['2021-01-30_17-29-36_UTC_6.jpg'], ['2498192510487066064_1.jpg'], ['2498192510487066064_2.jpg'], ['2498192510487066064_3.jpg'], ['2498192510487066064_4.jpg'], ['2498192510487066064_5.jpg']]","[['Blouse'], ['Tee'], ['Shorts'], ['Tee'], ['Sweater'], ['Jacket']]"
469,2502748868477530259,"[['2021-02-06_00-22-16_UTC_6.jpg'], ['2502748868477530259_1.jpg'], ['2502748868477530259_2.jpg'], ['2502748868477530259_3.jpg'], ['2502748868477530259_4.jpg'], ['2502748868477530259_5.jpg']]","[['Dress'], ['Jacket'], ['Skirt'], ['Tee'], ['Skirt'], ['Jeans']]"
470,2503921643967901599,"[['2021-02-07_15-12-21_UTC_6.jpg'], ['2503921643967901599_1.jpg'], ['2503921643967901599_2.jpg'], ['2503921643967901599_3.jpg'], ['2503921643967901599_4.jpg'], ['2503921643967901599_5.jpg']]","[['Skirt'], ['Skirt'], ['Jacket'], ['Tee'], ['Blouse'], ['Jeans']]"
471,2506752437434377454,"[['2021-02-11_12-56-38_UTC_3.jpg'], ['2506752437434377454_1.jpg'], ['2506752437434377454_2.jpg']]","[['Dress'], ['Dress'], ['Tee']]"
472,2517756258075599038,"[['2021-02-26_17-19-16_UTC_8.jpg'], ['2517756258075599038_1.jpg'], ['2517756258075599038_2.jpg'], ['2517756258075599038_3.jpg'], ['2517756258075599038_4.jpg'], ['2517756258075599038_5.jpg'], ['2517756258075599038_6.jpg'], ['2517756258075599038_7.jpg']]","[['Dress'], ['Jeans'], ['Blouse'], ['Dress'], ['Shorts'], ['Skirt'], ['Blouse'], ['Dress']]"
473,2519856457665463244,"[['2021-03-01_14-51-59_UTC_5.jpg'], ['2519856457665463244_1.jpg'], ['2519856457665463244_2.jpg'], ['2519856457665463244_3.jpg'], ['2519856457665463244_4.jpg']]","[['Skirt'], ['Dress'], ['Blouse'], ['Tee'], ['Dress']]"
474,2521265067511300858,"[['2021-03-03_13-30-39_UTC_10.jpg'], ['2521265067511300858_1.jpg'], ['2521265067511300858_2.jpg'], ['2521265067511300858_3.jpg'], ['2521265067511300858_4.jpg'], ['2521265067511300858_5.jpg'], ['2521265067511300858_6.jpg'], ['2521265067511300858_7.jpg'], ['2521265067511300858_8.jpg'], ['2521265067511300858_9.jpg']]","[['Tee'], ['Jacket'], ['Dress'], ['Skirt'], ['Top'], ['Sweater'], ['Jacket'], ['Shorts'], ['Blouse'], ['Sweater']]"
475,2525705790293984245,"[['2021-03-09_16-33-34_UTC_9.jpg'], ['2525705790293984245_1.jpg'], ['2525705790293984245_2.jpg'], ['2525705790293984245_3.jpg'], ['2525705790293984245_4.jpg'], ['2525705790293984245_5.jpg'], ['2525705790293984245_6.jpg'], ['2525705790293984245_7.jpg'], ['2525705790293984245_8.jpg']]","[['Jacket'], ['Dress'], ['Shorts'], ['Jacket'], ['Dress'], ['Skirt'], ['Top'], ['Shorts'], ['Skirt']]"
476,2527186894012240472,"[['2021-03-11_17-36-15_UTC_8.jpg'], ['2527186894012240472_1.jpg'], ['2527186894012240472_2.jpg'], ['2527186894012240472_3.jpg'], ['2527186894012240472_4.jpg'], ['2527186894012240472_5.jpg'], ['2527186894012240472_6.jpg'], ['2527186894012240472_7.jpg']]","[['Tee'], ['Jacket'], ['Dress'], ['Skirt'], ['Skirt'], ['Skirt'], ['Skirt'], ['Jacket']]"
477,2527847777818135789,"[['2021-03-12_15-29-19_UTC_10.jpg'], ['2527847777818135789_1.jpg'], ['2527847777818135789_2.jpg'], ['2527847777818135789_3.jpg'], ['2527847777818135789_4.jpg'], ['2527847777818135789_5.jpg'], ['2527847777818135789_6.jpg'], ['2527847777818135789_7.jpg'], ['2527847777818135789_8.jpg'], ['2527847777818135789_9.jpg']]","[['Blouse'], ['Dress'], ['Shorts'], ['Dress'], ['Dress'], ['Dress'], ['Blouse'], ['Tee'], ['Dress'], ['Jacket']]"
478,2528798687738221534,"[['2021-03-13_22-58-36_UTC_4.jpg'], ['2528798687738221534_1.jpg'], ['2528798687738221534_2.jpg'], ['2528798687738221534_3.jpg']]","[['Dress'], ['Tee'], ['Dress'], ['Dress']]"
479,2529547993126584939,"[['2021-03-14_23-47-20_UTC_10.jpg'], ['2529547993126584939_1.jpg'], ['2529547993126584939_2.jpg'], ['2529547993126584939_3.jpg'], ['2529547993126584939_4.jpg'], ['2529547993126584939_5.jpg'], ['2529547993126584939_6.jpg'], ['2529547993126584939_7.jpg'], ['2529547993126584939_8.jpg'], ['2529547993126584939_9.jpg']]","[['Sweater'], ['Dress'], ['Jeans'], ['Shorts'], ['Top'], ['Blouse'], ['Blouse'], ['Sweater'], ['Jacket'], ['Blouse']]"
480,2530254922882780667,"[['2021-03-15_23-11-53_UTC_9.jpg'], ['2530254922882780667_1.jpg'], ['2530254922882780667_2.jpg'], ['2530254922882780667_3.jpg'], ['2530254922882780667_4.jpg'], ['2530254922882780667_5.jpg'], ['2530254922882780667_6.jpg'], ['2530254922882780667_7.jpg'], ['2530254922882780667_8.jpg']]","[['Sweater'], ['Dress'], ['Shorts'], ['Dress'], ['Sweater'], ['Dress'], ['Skirt'], ['Jacket'], ['Tee']]"
481,2531482506937257723,"[['2021-03-17_15-50-52_UTC_10.jpg'], ['2531482506937257723_1.jpg'], ['2531482506937257723_2.jpg'], ['2531482506937257723_3.jpg'], ['2531482506937257723_4.jpg'], ['2531482506937257723_5.jpg'], ['2531482506937257723_6.jpg'], ['2531482506937257723_7.jpg'], ['2531482506937257723_8.jpg'], ['2531482506937257723_9.jpg']]","[['Skirt'], ['Shorts'], ['Tee'], ['Skirt'], ['Blouse'], ['Shorts'], ['Blouse'], ['Jacket'], ['Blouse'], ['Dress']]"
482,2533169378352863166,"[['2021-03-19_23-42-23_UTC_10.jpg'], ['2533169378352863166_1.jpg'], ['2533169378352863166_2.jpg'], ['2533169378352863166_3.jpg'], ['2533169378352863166_5.jpg'], ['2533169378352863166_6.jpg'], ['2533169378352863166_7.jpg'], ['2533169378352863166_8.jpg'], ['2533169378352863166_9.jpg']]","[['Jeans'], ['Shorts'], ['Jacket'], ['Shorts'], ['Tee'], ['Top'], ['Skirt'], ['Tee'], ['Jeans']]"
483,2535417575452187053,"[['2021-03-23_02-09-09_UTC_6.jpg'], ['2535417575452187053_1.jpg'], ['2535417575452187053_2.jpg'], ['2535417575452187053_3.jpg'], ['2535417575452187053_4.jpg'], ['2535417575452187053_5.jpg']]","[['Blouse'], ['Shorts'], ['Tee'], ['Tee'], ['Sweater'], ['Tee']]"
484,2537207121433184438,"[['2021-03-25_13-24-40_UTC_5.jpg'], ['2537207121433184438_1.jpg'], ['2537207121433184438_2.jpg'], ['2537207121433184438_3.jpg'], ['2537207121433184438_4.jpg']]","[['Tee'], ['Dress'], ['Tee'], ['Dress'], ['Dress']]"
485,2538790572896588033,[['2538790572896588033.jpg']],[['Jacket']]
486,2541684590018271088,[['2541684590018271088.jpg']],[['Tee']]
487,2543870032813562008,[['2543870032813562008.jpg']],[['Sweater']]
488,2544492720569688187,"[['2021-04-04_14-39-51_UTC_9.jpg'], ['2544492720569688187_1.jpg'], ['2544492720569688187_2.jpg'], ['2544492720569688187_3.jpg'], ['2544492720569688187_4.jpg'], ['2544492720569688187_5.jpg'], ['2544492720569688187_6.jpg'], ['2544492720569688187_7.jpg'], ['2544492720569688187_8.jpg']]","[['Jacket'], ['Dress'], ['Top'], ['Tee'], ['Sweater'], ['Dress'], ['Tee'], ['Tee'], ['Top']]"
489,2550965502656628577,"[['2021-04-13_13-00-06_UTC_7.jpg'], ['2550965502656628577_1.jpg'], ['2550965502656628577_2.jpg'], ['2550965502656628577_3.jpg'], ['2550965502656628577_4.jpg'], ['2550965502656628577_5.jpg'], ['2550965502656628577_6.jpg']]","[['Blouse'], ['Dress'], ['Jacket'], ['Shorts'], ['Top'], ['Tee'], ['Sweater']]"
490,2554590821821157588,"[['2021-04-18_13-02-58_UTC_8.jpg'], ['2554590821821157588_1.jpg'], ['2554590821821157588_2.jpg'], ['2554590821821157588_3.jpg'], ['2554590821821157588_4.jpg'], ['2554590821821157588_5.jpg'], ['2554590821821157588_6.jpg'], ['2554590821821157588_7.jpg']]","[['Dress'], ['Shorts'], ['Sweater'], ['Dress'], ['Tee'], ['Jacket'], ['Dress'], ['Dress']]"
491,2557105538435127141,"[['2021-04-22_00-19-16_UTC.jpg'], ['2557105538435127141.jpg']]","[['Tee'], ['Tee']]"
492,2575200474753880971,"[['2021-05-16_23-30-40_UTC_6.jpg'], ['2575200474753880971_1.jpg'], ['2575200474753880971_2.jpg'], ['2575200474753880971_3.jpg'], ['2575200474753880971_4.jpg'], ['2575200474753880971_5.jpg']]","[['Dress'], ['Sweater'], ['Blouse'], ['Blouse'], ['Dress'], ['Jacket']]"
493,2576528127804960334,"[['2021-05-18_19-28-29_UTC_6.jpg'], ['2576528127804960334_1.jpg'], ['2576528127804960334_2.jpg'], ['2576528127804960334_3.jpg'], ['2576528127804960334_4.jpg'], ['2576528127804960334_5.jpg']]","[['Tee'], ['Tee'], ['Sweater'], ['Sweater'], ['Tee'], ['Sweater']]"
494,2590176997176825790,"[['2021-06-06_15-26-21_UTC_9.jpg'], ['2590176997176825790_1.jpg'], ['2590176997176825790_2.jpg'], ['2590176997176825790_3.jpg'], ['2590176997176825790_4.jpg'], ['2590176997176825790_5.jpg'], ['2590176997176825790_6.jpg'], ['2590176997176825790_7.jpg'], ['2590176997176825790_8.jpg']]","[['Blouse'], ['Tee'], ['Top'], ['Dress'], ['Top'], ['Dress'], ['Blouse'], ['Shorts'], ['Skirt']]"
495,2591190683454578018,"[['2021-06-08_01-00-22_UTC_7.jpg'], ['2591190683454578018_1.jpg'], ['2591190683454578018_2.jpg'], ['2591190683454578018_3.jpg'], ['2591190683454578018_4.jpg'], ['2591190683454578018_5.jpg'], ['2591190683454578018_6.jpg']]","[['Tee'], ['Dress'], ['Jeans'], ['Jacket'], ['Tee'], ['Skirt'], ['Tee']]"
496,2597681290327053430,"[['2021-06-16_23-56-02_UTC_3.jpg'], ['2597681290327053430_1.jpg'], ['2597681290327053430_2.jpg']]","[['Dress'], ['Blouse'], ['Dress']]"
497,2628848827781597230,"[['2021-07-30_00-00-22_UTC_4.jpg'], ['2628848827781597230_1.jpg'], ['2628848827781597230_2.jpg'], ['2628848827781597230_3.jpg']]","[['Dress'], ['Jeans'], ['Dress'], ['Skirt']]"
498,2633009426639793885,"[['2021-08-04_17-46-44_UTC_9.jpg'], ['2633009426639793885_1.jpg'], ['2633009426639793885_2.jpg'], ['2633009426639793885_3.jpg'], ['2633009426639793885_4.jpg'], ['2633009426639793885_5.jpg'], ['2633009426639793885_6.jpg'], ['2633009426639793885_7.jpg'], ['2633009426639793885_8.jpg']]","[['Tee'], ['Dress'], ['Jeans'], ['Jeans'], ['Skirt'], ['Jacket'], ['Dress'], ['Shorts'], ['Jacket']]"
499,2638790470236319726,"[['2021-08-12_17-12-38_UTC_7.jpg'], ['2638790470236319726_1.jpg'], ['2638790470236319726_2.jpg'], ['2638790470236319726_3.jpg'], ['2638790470236319726_4.jpg'], ['2638790470236319726_5.jpg'], ['2638790470236319726_6.jpg']]","[['Jeans'], ['Shorts'], ['Shorts'], ['Sweater'], ['Dress'], ['Shorts'], ['Dress']]"
500,2643800038586709475,"[['2021-08-19_15-05-46_UTC_5.jpg'], ['2643800038586709475_1.jpg'], ['2643800038586709475_2.jpg'], ['2643800038586709475_3.jpg'], ['2643800038586709475_4.jpg']]","[['Shorts'], ['Sweater'], ['Jacket'], ['Sweater'], ['Skirt']]"
501,2664159501687852940,"[['2021-09-16_17-16-23_UTC_9.jpg'], ['2664159501687852940_1.jpg'], ['2664159501687852940_2.jpg'], ['2664159501687852940_3.jpg'], ['2664159501687852940_4.jpg'], ['2664159501687852940_5.jpg'], ['2664159501687852940_6.jpg'], ['2664159501687852940_7.jpg'], ['2664159501687852940_8.jpg']]","[['Jacket'], ['Sweater'], ['Jacket'], ['Jacket'], ['Jacket'], ['Sweater'], ['Tee'], ['Tee'], ['Skirt']]"
502,2669406267292875123,"[['2021-09-23_23-00-46_UTC_6.jpg'], ['2669406267292875123_1.jpg'], ['2669406267292875123_2.jpg'], ['2669406267292875123_3.jpg'], ['2669406267292875123_4.jpg'], ['2669406267292875123_5.jpg']]","[['Top'], ['Dress'], ['Dress'], ['Tee'], ['Jacket'], ['Skirt']]"
503,2670849751652668270,"[['2021-09-25_22-48-43_UTC_8.jpg'], ['2670849751652668270_1.jpg'], ['2670849751652668270_2.jpg'], ['2670849751652668270_3.jpg'], ['2670849751652668270_4.jpg'], ['2670849751652668270_5.jpg'], ['2670849751652668270_6.jpg'], ['2670849751652668270_7.jpg']]","[['Tee'], ['Skirt'], ['Tee'], ['Sweater'], ['Skirt'], ['Tee'], ['Skirt'], ['Sweater']]"
504,2673028759907633193,"[['2021-09-28_22-58-01_UTC_10.jpg'], ['2673028759907633193_1.jpg'], ['2673028759907633193_2.jpg'], ['2673028759907633193_3.jpg'], ['2673028759907633193_4.jpg'], ['2673028759907633193_5.jpg'], ['2673028759907633193_6.jpg'], ['2673028759907633193_7.jpg'], ['2673028759907633193_8.jpg'], ['2673028759907633193_9.jpg']]","[['Jacket'], ['Dress'], ['Sweater'], ['Dress'], ['Dress'], ['Shorts'], ['Top'], ['Tee'], ['Tee'], ['Jacket']]"
505,2676416057510800708,[['2676416057510800708.jpg']],[['Sweater']]
506,2676490775723111860,"[['2676490775723111860_1.jpg'], ['2676490775723111860_2.jpg'], ['2676490775723111860_3.jpg'], ['2676490775723111860_4.jpg'], ['2676490775723111860_5.jpg'], ['2676490775723111860_6.jpg']]","[['Shorts'], ['Dress'], ['Skirt'], ['Shorts'], ['Jacket'], ['Shorts']]"
507,2685165584019561295,"[['2021-10-15_16-51-43_UTC_3.jpg'], ['2685165584019561295_1.jpg'], ['2685165584019561295_2.jpg']]","[['Shorts'], ['Shorts'], ['Shorts']]"
508,2687970381843981023,"[['2021-10-19_13-44-21_UTC_10.jpg'], ['2687970381843981023_1.jpg'], ['2687970381843981023_2.jpg'], ['2687970381843981023_3.jpg'], ['2687970381843981023_4.jpg'], ['2687970381843981023_5.jpg'], ['2687970381843981023_6.jpg'], ['2687970381843981023_7.jpg'], ['2687970381843981023_8.jpg'], ['2687970381843981023_9.jpg']]","[['Dress'], ['Sweater'], ['Shorts'], ['Tee'], ['Jacket'], ['Skirt'], ['Sweater'], ['Shorts'], ['Blouse'], ['Tee']]"
509,2701943779392115837,"[['2021-11-07_20-27-00_UTC_10.jpg'], ['2701943779392115837_1.jpg'], ['2701943779392115837_2.jpg'], ['2701943779392115837_3.jpg'], ['2701943779392115837_4.jpg'], ['2701943779392115837_5.jpg'], ['2701943779392115837_6.jpg'], ['2701943779392115837_7.jpg'], ['2701943779392115837_8.jpg'], ['2701943779392115837_9.jpg']]","[['Jacket'], ['Skirt'], ['Tee'], ['Shorts'], ['Shorts'], ['Shorts'], ['Tee'], ['Jeans'], ['Tee'], ['Jacket']]"
510,2704830950746751492,"[['2021-11-11_20-03-17_UTC_8.jpg'], ['2704830950746751492_1.jpg'], ['2704830950746751492_2.jpg'], ['2704830950746751492_3.jpg'], ['2704830950746751492_5.jpg'], ['2704830950746751492_6.jpg'], ['2704830950746751492_7.jpg']]","[['Shorts'], ['Jeans'], ['Shorts'], ['Tee'], ['Tee'], ['Tee'], ['Jacket']]"
511,2709083513358224084,"[['2021-11-17_16-52-22_UTC_9.jpg'], ['2709083513358224084_1.jpg'], ['2709083513358224084_2.jpg'], ['2709083513358224084_3.jpg'], ['2709083513358224084_4.jpg'], ['2709083513358224084_5.jpg'], ['2709083513358224084_6.jpg'], ['2709083513358224084_7.jpg'], ['2709083513358224084_8.jpg']]","[['Jeans'], ['Skirt'], ['Sweater'], ['Sweater'], ['Jacket'], ['Tee'], ['Blouse'], ['Shorts'], ['Tee']]"
512,2712794993419787393,"[['2021-11-22_19-46-25_UTC_3.jpg'], ['2712794993419787393_1.jpg'], ['2712794993419787393_2.jpg']]","[['Dress'], ['Jacket'], ['Tee']]"
513,2716479423497677242,"[['2021-11-27_21-46-43_UTC_8.jpg'], ['2716479423497677242_1.jpg'], ['2716479423497677242_2.jpg'], ['2716479423497677242_3.jpg'], ['2716479423497677242_4.jpg'], ['2716479423497677242_5.jpg'], ['2716479423497677242_6.jpg'], ['2716479423497677242_7.jpg']]","[['Sweater'], ['Shorts'], ['Skirt'], ['Jacket'], ['Blouse'], ['Skirt'], ['Skirt'], ['Blouse']]"
514,2717226264218223401,"[['2021-11-28_22-30-34_UTC_9.jpg'], ['2717226264218223401_1.jpg'], ['2717226264218223401_2.jpg'], ['2717226264218223401_3.jpg'], ['2717226264218223401_4.jpg'], ['2717226264218223401_5.jpg'], ['2717226264218223401_6.jpg'], ['2717226264218223401_7.jpg'], ['2717226264218223401_8.jpg']]","[['Sweater'], ['Dress'], ['Dress'], ['Skirt'], ['Dress'], ['Shorts'], ['Skirt'], ['Tee'], ['Top']]"
515,2718734093246453114,"[['2021-12-01_00-26-21_UTC_8.jpg'], ['2718734093246453114_1.jpg'], ['2718734093246453114_2.jpg'], ['2718734093246453114_3.jpg'], ['2718734093246453114_4.jpg'], ['2718734093246453114_5.jpg'], ['2718734093246453114_6.jpg'], ['2718734093246453114_7.jpg']]","[['Jacket'], ['Tee'], ['Jacket'], ['Sweater'], ['Tee'], ['Shorts'], ['Sweater'], ['Shorts']]"
516,2722102531849555091,"[['2021-12-05_15-58-50_UTC_10.jpg'], ['2722102531849555091_1.jpg'], ['2722102531849555091_2.jpg'], ['2722102531849555091_3.jpg'], ['2722102531849555091_5.jpg'], ['2722102531849555091_6.jpg'], ['2722102531849555091_7.jpg'], ['2722102531849555091_9.jpg']]","[['Sweater'], ['Jacket'], ['Tee'], ['Blouse'], ['Tee'], ['Blouse'], ['Skirt'], ['Tee']]"
517,2745311236334202956,"[['2022-01-06_16-30-23_UTC_4.jpg'], ['2745311236334202956_1.jpg'], ['2745311236334202956_2.jpg'], ['2745311236334202956_3.jpg']]","[['Top'], ['Tee'], ['Shorts'], ['Tee']]"
518,2778584732772447295,"[['2022-02-21_14-18-53_UTC_5.jpg'], ['2778584732772447295_1.jpg'], ['2778584732772447295_2.jpg'], ['2778584732772447295_3.jpg'], ['2778584732772447295_4.jpg']]","[['Skirt'], ['Skirt'], ['Tee'], ['Tee'], ['Sweater']]"
519,2788017587219029358,"[['2022-03-06_14-40-17_UTC_6.jpg'], ['2788017587219029358_1.jpg'], ['2788017587219029358_2.jpg'], ['2788017587219029358_3.jpg'], ['2788017587219029358_4.jpg'], ['2788017587219029358_5.jpg']]","[['Jacket'], ['Dress'], ['Tee'], ['Skirt'], ['Skirt'], ['Tee']]"
520,2803310219746713199,"[['2022-03-27_17-04-01_UTC_8.jpg'], ['2803310219746713199_1.jpg'], ['2803310219746713199_2.jpg'], ['2803310219746713199_3.jpg'], ['2803310219746713199_4.jpg'], ['2803310219746713199_5.jpg'], ['2803310219746713199_6.jpg'], ['2803310219746713199_7.jpg']]","[['Sweater'], ['Blouse'], ['Shorts'], ['Skirt'], ['Jacket'], ['Skirt'], ['Tee'], ['Tee']]"
521,2817808379818952107,"[['2022-04-16_17-09-16_UTC_9.jpg'], ['2817808379818952107_1.jpg'], ['2817808379818952107_2.jpg'], ['2817808379818952107_3.jpg'], ['2817808379818952107_4.jpg'], ['2817808379818952107_5.jpg'], ['2817808379818952107_6.jpg'], ['2817808379818952107_7.jpg'], ['2817808379818952107_8.jpg']]","[['Skirt'], ['Dress'], ['Jacket'], ['Tee'], ['Skirt'], ['Jacket'], ['Dress'], ['Skirt'], ['Dress']]"
522,2821489057706235869,"[['2022-04-21_19-02-07_UTC_7.jpg'], ['2821489057706235869_1.jpg'], ['2821489057706235869_2.jpg'], ['2821489057706235869_3.jpg'], ['2821489057706235869_4.jpg'], ['2821489057706235869_5.jpg'], ['2821489057706235869_6.jpg']]","[['Shorts'], ['Sweater'], ['Skirt'], ['Skirt'], ['Skirt'], ['Skirt'], ['Dress']]"
523,2835115675347578481,"[['2022-05-10_14-15-47_UTC_7.jpg'], ['2835115675347578481_1.jpg'], ['2835115675347578481_2.jpg'], ['2835115675347578481_3.jpg'], ['2835115675347578481_4.jpg'], ['2835115675347578481_5.jpg'], ['2835115675347578481_6.jpg']]","[['Skirt'], ['Tee'], ['Tee'], ['Skirt'], ['Blouse'], ['Tee'], ['Dress']]"
524,2838100253615966198,"[['2022-05-14_17-05-36_UTC_5.jpg'], ['2838100253615966198_1.jpg'], ['2838100253615966198_2.jpg'], ['2838100253615966198_3.jpg'], ['2838100253615966198_4.jpg']]","[['Sweater'], ['Jacket'], ['Tee'], ['Tee'], ['Blouse']]"
525,2839703869690969186,"[['2022-05-16_22-11-42_UTC_5.jpg'], ['2839703869690969186_1.jpg'], ['2839703869690969186_2.jpg'], ['2839703869690969186_3.jpg'], ['2839703869690969186_4.jpg']]","[['Tee'], ['Tee'], ['Blouse'], ['Sweater'], ['Shorts']]"
526,2853479571468658405,"[['2022-06-04_22-21-34_UTC_8.jpg'], ['2853479571468658405_1.jpg'], ['2853479571468658405_2.jpg'], ['2853479571468658405_3.jpg'], ['2853479571468658405_4.jpg'], ['2853479571468658405_5.jpg'], ['2853479571468658405_6.jpg'], ['2853479571468658405_7.jpg']]","[['Jeans'], ['Dress'], ['Dress'], ['Dress'], ['Tee'], ['Dress'], ['Dress'], ['Shorts']]"
527,2860481235417498875,"[['2022-06-14_14-12-37_UTC_5.jpg'], ['2860481235417498875_1.jpg'], ['2860481235417498875_2.jpg'], ['2860481235417498875_3.jpg']]","[['Dress'], ['Sweater'], ['Skirt'], ['Dress']]"
528,2863473199696020735,"[['2022-06-18_17-17-07_UTC_10.jpg'], ['2863473199696020735_1.jpg'], ['2863473199696020735_2.jpg'], ['2863473199696020735_3.jpg'], ['2863473199696020735_4.jpg'], ['2863473199696020735_5.jpg'], ['2863473199696020735_6.jpg'], ['2863473199696020735_7.jpg'], ['2863473199696020735_8.jpg'], ['2863473199696020735_9.jpg']]","[['Skirt'], ['Jacket'], ['Skirt'], ['Dress'], ['Dress'], ['Tee'], ['Dress'], ['Blouse'], ['Sweater'], ['Dress']]"
529,2878769327890770395,"[['2022-07-09_19-47-48_UTC_6.jpg'], ['2878769327890770395_1.jpg'], ['2878769327890770395_2.jpg'], ['2878769327890770395_3.jpg'], ['2878769327890770395_4.jpg'], ['2878769327890770395_5.jpg']]","[['Top'], ['Tee'], ['Jacket'], ['Skirt'], ['Skirt'], ['Blouse']]"
530,2890320448111420691,"[['2022-07-25_18-17-48_UTC_6.jpg'], ['2890320448111420691_1.jpg'], ['2890320448111420691_2.jpg'], ['2890320448111420691_3.jpg'], ['2890320448111420691_4.jpg'], ['2890320448111420691_5.jpg']]","[['Blouse'], ['Dress'], ['Dress'], ['Top'], ['Dress'], ['Dress']]"
531,2893127446293106178,"[['2022-07-29_15-14-49_UTC_8.jpg'], ['2893127446293106178_1.jpg'], ['2893127446293106178_2.jpg'], ['2893127446293106178_3.jpg'], ['2893127446293106178_4.jpg'], ['2893127446293106178_5.jpg'], ['2893127446293106178_6.jpg'], ['2893127446293106178_7.jpg']]","[['Tee'], ['Shorts'], ['Jacket'], ['Tee'], ['Jacket'], ['Skirt'], ['Blouse'], ['Jacket']]"
532,2896318274728952116,"[['2022-08-03_00-54-25_UTC_10.jpg'], ['2896318274728952116_1.jpg'], ['2896318274728952116_2.jpg'], ['2896318274728952116_3.jpg'], ['2896318274728952116_4.jpg'], ['2896318274728952116_5.jpg'], ['2896318274728952116_6.jpg'], ['2896318274728952116_7.jpg'], ['2896318274728952116_8.jpg'], ['2896318274728952116_9.jpg']]","[['Tee'], ['Tee'], ['Tee'], ['Jeans'], ['Sweater'], ['Tee'], ['Tee'], ['Tee'], ['Dress'], ['Tee']]"
533,2931802644629517027,"[['2022-09-20_23-55-32_UTC_8.jpg'], ['2931802644629517027_1.jpg'], ['2931802644629517027_2.jpg'], ['2931802644629517027_3.jpg'], ['2931802644629517027_4.jpg'], ['2931802644629517027_5.jpg'], ['2931802644629517027_6.jpg'], ['2931802644629517027_7.jpg']]","[['Tee'], ['Skirt'], ['Blouse'], ['Dress'], ['Skirt'], ['Skirt'], ['Jacket'], ['Dress']]"
534,2955445737870693677,"[['2022-10-23_14-50-08_UTC_6.jpg'], ['2955445737870693677_1.jpg'], ['2955445737870693677_2.jpg'], ['2955445737870693677_3.jpg'], ['2955445737870693677_5.jpg']]","[['Blouse'], ['Shorts'], ['Shorts'], ['Jacket'], ['Skirt']]"
535,2977536903583164696,[['2977536903583164696.jpg']],[['Tee']]
536,2989037343097839094,"[['2022-12-08_23-10-39_UTC_7.jpg'], ['2989037343097839094_1.jpg'], ['2989037343097839094_2.jpg'], ['2989037343097839094_3.jpg'], ['2989037343097839094_4.jpg'], ['2989037343097839094_5.jpg'], ['2989037343097839094_6.jpg']]","[['Sweater'], ['Tee'], ['Top'], ['Skirt'], ['Top'], ['Sweater'], ['Sweater']]"
537,2997128036244114702,"[['2022-12-20_03-05-25_UTC_3.jpg'], ['2997128036244114702_1.jpg'], ['2997128036244114702_2.jpg']]","[['Top'], ['Top'], ['Top']]"
538,3003351429285629057,"[['2022-12-28_17-10-11_UTC_6.jpg'], ['3003351429285629057_1.jpg'], ['3003351429285629057_2.jpg'], ['3003351429285629057_3.jpg'], ['3003351429285629057_4.jpg'], ['3003351429285629057_5.jpg']]","[['Jeans'], ['Dress'], ['Dress'], ['Skirt'], ['Blouse'], ['Dress']]"
539,3017715314276863659,"[['2023-01-17_12-48-40_UTC_6.jpg'], ['3017715314276863659_1.jpg'], ['3017715314276863659_2.jpg'], ['3017715314276863659_3.jpg'], ['3017715314276863659_4.jpg'], ['3017715314276863659_5.jpg']]","[['Skirt'], ['Blouse'], ['Skirt'], ['Top'], ['Jacket'], ['Skirt']]"
540,3030368507242721815,"[['2023-02-03_23-48-18_UTC_6.jpg'], ['3030368507242721815_1.jpg'], ['3030368507242721815_2.jpg'], ['3030368507242721815_3.jpg'], ['3030368507242721815_4.jpg'], ['3030368507242721815_5.jpg']]","[['Dress'], ['Dress'], ['Tee'], ['Dress'], ['Dress'], ['Top']]"
541,3031894298492782469,"[['2023-02-06_02-19-47_UTC_10.jpg'], ['3031894298492782469_1.jpg'], ['3031894298492782469_2.jpg'], ['3031894298492782469_3.jpg'], ['3031894298492782469_4.jpg'], ['3031894298492782469_5.jpg'], ['3031894298492782469_6.jpg'], ['3031894298492782469_8.jpg']]","[['Dress'], ['Dress'], ['Jacket'], ['Skirt'], ['Shorts'], ['Tee'], ['Tee'], ['Dress']]"
542,3032960054152822191,"[['2023-02-07_13-37-15_UTC_6.jpg'], ['3032960054152822191_1.jpg'], ['3032960054152822191_2.jpg'], ['3032960054152822191_3.jpg'], ['3032960054152822191_4.jpg'], ['3032960054152822191_5.jpg']]","[['Dress'], ['Blouse'], ['Dress'], ['Jacket'], ['Top'], ['Dress']]"
543,3039146846924722520,"[['2023-02-16_02-29-18_UTC_9.jpg'], ['3039146846924722520_1.jpg'], ['3039146846924722520_2.jpg'], ['3039146846924722520_3.jpg'], ['3039146846924722520_4.jpg'], ['3039146846924722520_5.jpg'], ['3039146846924722520_6.jpg'], ['3039146846924722520_7.jpg'], ['3039146846924722520_8.jpg']]","[['Sweater'], ['Tee'], ['Jacket'], ['Tee'], ['Sweater'], ['Jacket'], ['Skirt'], ['Tee'], ['Jacket']]"
544,3051984377278406779,"[['2023-03-05_19-35-11_UTC_4.jpg'], ['3051984377278406779_1.jpg'], ['3051984377278406779_2.jpg'], ['3051984377278406779_3.jpg']]","[['Skirt'], ['Skirt'], ['Shorts'], ['Tee']]"
545,3057714403911182000,"[['2023-03-13_17-19-43_UTC_8.jpg'], ['3057714403911182000_1.jpg'], ['3057714403911182000_2.jpg'], ['3057714403911182000_3.jpg'], ['3057714403911182000_4.jpg'], ['3057714403911182000_5.jpg'], ['3057714403911182000_6.jpg'], ['3057714403911182000_7.jpg']]","[['Sweater'], ['Jacket'], ['Skirt'], ['Dress'], ['Tee'], ['Dress'], ['Dress'], ['Dress']]"
546,3062074958193328152,"[['2023-03-19_17-43-22_UTC_10.jpg'], ['3062074958193328152_1.jpg'], ['3062074958193328152_2.jpg'], ['3062074958193328152_3.jpg'], ['3062074958193328152_4.jpg'], ['3062074958193328152_5.jpg'], ['3062074958193328152_7.jpg'], ['3062074958193328152_8.jpg']]","[['Jacket'], ['Skirt'], ['Blouse'], ['Skirt'], ['Jacket'], ['Dress'], ['Shorts'], ['Skirt']]"
547,3084737495602156228,"[['2023-04-20_00-09-47_UTC_9.jpg'], ['3084737495602156228_1.jpg'], ['3084737495602156228_2.jpg'], ['3084737495602156228_3.jpg'], ['3084737495602156228_4.jpg'], ['3084737495602156228_5.jpg'], ['3084737495602156228_6.jpg'], ['3084737495602156228_7.jpg']]","[['Tee'], ['Jeans'], ['Sweater'], ['Tee'], ['Skirt'], ['Jacket'], ['Jeans'], ['Jacket']]"
548,3095247558280814043,"[['2023-05-04_12-11-24_UTC_7.jpg'], ['3095247558280814043_1.jpg'], ['3095247558280814043_2.jpg'], ['3095247558280814043_3.jpg'], ['3095247558280814043_4.jpg'], ['3095247558280814043_5.jpg'], ['3095247558280814043_6.jpg']]","[['Dress'], ['Shorts'], ['Dress'], ['Dress'], ['Shorts'], ['Dress'], ['Dress']]"
549,3102565191909041335,"[['2023-05-14_14-30-14_UTC_8.jpg'], ['3102565191909041335_1.jpg'], ['3102565191909041335_2.jpg'], ['3102565191909041335_3.jpg'], ['3102565191909041335_4.jpg'], ['3102565191909041335_5.jpg'], ['3102565191909041335_6.jpg'], ['3102565191909041335_7.jpg']]","[['Jacket'], ['Dress'], ['Sweater'], ['Sweater'], ['Sweater'], ['Jacket'], ['Jacket'], ['Blouse']]"
550,3136003124372359981,"[['2023-06-29_17-45-26_UTC_10.jpg'], ['3136003124372359981_1.jpg'], ['3136003124372359981_2.jpg'], ['3136003124372359981_3.jpg'], ['3136003124372359981_4.jpg'], ['3136003124372359981_5.jpg'], ['3136003124372359981_6.jpg'], ['3136003124372359981_7.jpg'], ['3136003124372359981_8.jpg'], ['3136003124372359981_9.jpg']]","[['Skirt'], ['Jeans'], ['Skirt'], ['Dress'], ['Skirt'], ['Tee'], ['Shorts'], ['Jacket'], ['Jeans'], ['Shorts']]"
551,3165908699410684835,"[['2023-08-10_00-02-28_UTC_5.jpg'], ['3165908699410684835_1.jpg'], ['3165908699410684835_2.jpg'], ['3165908699410684835_3.jpg'], ['3165908699410684835_4.jpg']]","[['Dress'], ['Jacket'], ['Dress'], ['Skirt'], ['Sweater']]"
552,3167833980048891706,"[['2023-08-12_15-47-39_UTC_6.jpg'], ['3167833980048891706_1.jpg'], ['3167833980048891706_2.jpg'], ['3167833980048891706_3.jpg'], ['3167833980048891706_4.jpg'], ['3167833980048891706_5.jpg']]","[['Skirt'], ['Jeans'], ['Dress'], ['Shorts'], ['Shorts'], ['Dress']]"
553,3186217316357741075,"[['2023-09-07_00-32-04_UTC_10.jpg'], ['3186217316357741075_1.jpg'], ['3186217316357741075_2.jpg'], ['3186217316357741075_3.jpg'], ['3186217316357741075_4.jpg'], ['3186217316357741075_5.jpg'], ['3186217316357741075_6.jpg'], ['3186217316357741075_7.jpg'], ['3186217316357741075_8.jpg'], ['3186217316357741075_9.jpg']]","[['Shorts'], ['Shorts'], ['Skirt'], ['Jacket'], ['Jacket'], ['Dress'], ['Shorts'], ['Sweater'], ['Skirt'], ['Shorts']]"
554,3193405042692503921,"[['2023-09-16_22-32-48_UTC_10.jpg'], ['3193405042692503921_1.jpg'], ['3193405042692503921_2.jpg'], ['3193405042692503921_3.jpg'], ['3193405042692503921_5.jpg'], ['3193405042692503921_6.jpg'], ['3193405042692503921_7.jpg'], ['3193405042692503921_8.jpg']]","[['Tee'], ['Dress'], ['Dress'], ['Tee'], ['Skirt'], ['Dress'], ['Tee'], ['Jacket']]"
555,3194185283421764050,"[['2023-09-18_00-23-00_UTC_8.jpg'], ['3194185283421764050_1.jpg'], ['3194185283421764050_2.jpg'], ['3194185283421764050_3.jpg'], ['3194185283421764050_4.jpg'], ['3194185283421764050_5.jpg'], ['3194185283421764050_6.jpg'], ['3194185283421764050_7.jpg']]","[['Dress'], ['Blouse'], ['Sweater'], ['Tee'], ['Blouse'], ['Shorts'], ['Shorts'], ['Skirt']]"
556,3208446869071626006,"[['2023-10-07_16-38-13_UTC_10.jpg'], ['3208446869071626006_1.jpg'], ['3208446869071626006_3.jpg'], ['3208446869071626006_4.jpg'], ['3208446869071626006_5.jpg'], ['3208446869071626006_6.jpg'], ['3208446869071626006_7.jpg'], ['3208446869071626006_8.jpg'], ['3208446869071626006_9.jpg']]","[['Tee'], ['Skirt'], ['Shorts'], ['Jacket'], ['Skirt'], ['Blouse'], ['Blouse'], ['Shorts'], ['Dress']]"
557,3217161309438743288,[['3217161309438743288.jpg']],[['Dress']]
558,3218606025346839490,"[['2023-10-21_17-02-39_UTC_8.jpg'], ['3218606025346839490_1.jpg'], ['3218606025346839490_2.jpg'], ['3218606025346839490_4.jpg'], ['3218606025346839490_5.jpg'], ['3218606025346839490_6.jpg'], ['3218606025346839490_7.jpg']]","[['Jacket'], ['Tee'], ['Sweater'], ['Skirt'], ['Skirt'], ['Tee'], ['Sweater']]"
559,706127404787215576,[['706127404787215576.jpg']],[['Tee']]
560,726850003791949657,[['726850003791949657.jpg']],[['Top']]
561,750279570149781113,[['750279570149781113.jpg']],[['Dress']]
562,753968933316504646,[['753968933316504646.jpg']],[['Top']]
563,759494888059481892,[['759494888059481892.jpg']],[['Tee']]
564,776010417280560349,[['776010417280560349.jpg']],[['Skirt']]
565,807538745183219565,[['807538745183219565.jpg']],[['Tee']]
566,814762083097947923,[['814762083097947923.jpg']],[['Shorts']]
567,820568347983916120,[['820568347983916120.jpg']],[['Sweater']]
568,824665416281534088,[['824665416281534088.jpg']],[['Tee']]
569,836887782612970557,[['836887782612970557.jpg']],[['Dress']]
570,840542440933994173,[['840542440933994173.jpg']],[['Shorts']]
571,849436738307927791,[['849436738307927791.jpg']],[['Tee']]
572,850755829174021293,[['850755829174021293.jpg']],[['Tee']]
573,855048732478189160,[['855048732478189160.jpg']],[['Tee']]
574,862240022336809996,[['862240022336809996.jpg']],[['Sweater']]
575,864693370637954832,[['864693370637954832.jpg']],[['Blouse']]
576,888065620615278069,[['888065620615278069.jpg']],[['Top']]
577,888125383684303990,[['888125383684303990.jpg']],[['Tee']]
578,914034438193720449,[['914034438193720449.jpg']],[['Tee']]
579,926322274339041207,[['926322274339041207.jpg']],[['Dress']]
580,981564630516281314,[['981564630516281314.jpg']],[['Blouse']]
581,981653988812435177,[['981653988812435177.jpg']],[['Blouse']]
582,994398301136793101,[['994398301136793101.jpg']],[['Dress']]
583,997892644107628295,[['997892644107628295.jpg']],[['Tee']]
