post_id,sentiment_label,textura
1417763432044000401,4.82258064516129,"[[['floral', 'print']]]"
1418349456876994330,4.48,"[[['floral', 'print']]]"
1418495598893828413,4.769230769230769,"[[['floral', 'print']]]"
1418553529010004918,4.654545454545454,"[[['floral', 'print']]]"
1420637842983697168,4.315217391304348,"[[['floral', 'print']]]"
1421193117889431379,4.688311688311688,[[['print']]]
1421373313611293050,4.77906976744186,"[[['floral', 'print']]]"
1422105288320174137,4.352272727272728,[[['print']]]
1423547298742741954,4.506329113924051,[[['floral']]]
1424089781675324802,4.6,[[['floral']]]
1425028753750539796,4.1454545454545455,"[[['floral', 'print']]]"
1425714676628958542,4.703296703296704,[[['print']]]
1425828177724632171,4.426966292134831,"[[['floral', 'print']]]"
1426265536324779085,4.451612903225806,[[['floral']]]
1426473134760332784,4.7,[[['floral']]]
1426530726211656890,4.659090909090909,"[[['floral', 'print']]]"
1427006837051641832,4.647619047619048,[[['print']]]
1427247309611571570,4.648648648648648,"[[['floral', 'print']]]"
1427748404158917278,4.340909090909091,"[[['floral', 'print']]]"
1427897706281875132,4.804123711340206,"[[['floral', 'print']]]"
1430109765182501658,4.757575757575758,[[['graphic']]]
1430793648253236024,4.415384615384616,[[['print']]]
1430910335451399710,4.614583333333333,"[[['floral', 'print']]]"
1432218258672731023,4.305084745762712,[[['print']]]
1432329430529155329,4.491803278688525,"[[['floral', 'print']]]"
1432968452221762974,4.702702702702703,"[[['floral', 'print']]]"
1433053181222639909,4.693181818181818,[[['print']]]
1434948866230613599,4.618556701030927,"[[['floral', 'print']]]"
1435144517904120766,4.602272727272728,"[[['floral', 'print']]]"
1435229764188630069,4.5504587155963305,[[['print']]]
1435914467430219027,4.466666666666667,"[[['floral', 'print']]]"
1436405821704993923,4.6,[[['floral']]]
1436687952905534261,4.557142857142857,[[['floral']]]
1437310980056328654,4.774193548387097,"[[['floral', 'print']]]"
1437387385033099272,4.730769230769231,"[[['floral', 'print']]]"
1438066328748856142,4.390625,[[['floral']]]
1439569520737248508,4.760869565217392,"[[['floral', 'print']]]"
1440025985339973111,4.857142857142857,"[[['floral', 'print']]]"
1440959090649285389,4.596153846153846,[[['graphic']]]
1441493663107875878,4.025,[[['floral']]]
1441666135941949785,4.769230769230769,[[['floral']]]
1441754771290930214,4.582278481012659,"[[['floral', 'print']]]"
1442826000239983570,4.673076923076923,"[[['floral', 'print']]]"
1443132310815656915,4.42,[[['floral']]]
1443194090573076871,4.51948051948052,"[[['floral', 'print']]]"
1443928271854315945,4.525773195876289,[[['print']]]
1445105909205657374,4.7,[[['floral']]]
1445202264322238377,4.796610169491525,[[['floral']]]
1446090905152103214,4.775,[[['floral']]]
1446453456360820054,4.6835443037974684,[[['floral']]]
1446739361185379007,4.892857142857143,[[['floral']]]
1446828683343204075,4.509803921568627,[[['floral']]]
1447530353710709943,4.708333333333333,[[['print']]]
1449442852097766779,4.287671232876712,"[[['floral', 'print']]]"
1450448786328678002,4.601769911504425,"[[['floral', 'print']]]"
1451060468625247549,4.567164179104478,[[['floral']]]
1451182944307074962,4.652631578947369,[[['floral']]]
1451808900793662867,4.591836734693878,[[['print']]]
1451899165344672618,4.559322033898305,"[[['floral', 'print']]]"
1452562666807445106,4.714285714285714,"[[['floral', 'print']]]"
1453965615735542453,4.741935483870968,[[['floral']]]
1455516547787105840,4.895652173913043,"[[['floral', 'print']]]"
1456902575500537031,4.701298701298701,"[[['floral']], [['floral', 'print']]]"
1456973297413369760,4.372881355932203,"[[['floral', 'print']]]"
1457687802887957838,4.666666666666667,[[['floral']]]
1458398792461861792,4.280487804878049,"[[['floral', 'print']]]"
1458831170040993615,4.544117647058823,"[[['floral', 'print']]]"
1459754447886250900,4.617647058823529,[[['floral']]]
1460657266948516534,4.698412698412699,[[['floral']]]
1461949337386707313,4.77,"[[['floral', 'print']]]"
1462045005694405388,4.628571428571429,"[[['floral', 'print']]]"
1462372096654752229,4.7011494252873565,[[['floral']]]
1464113493770606029,4.661971830985915,"[[['floral', 'print']]]"
1464209757468354099,4.6415094339622645,[[['floral']]]
1465596053340052605,4.628571428571429,[[['floral']]]
1465668336113018042,4.344827586206897,"[[['floral', 'print']]]"
1466331389842388341,4.635135135135135,[[['floral']]]
1466847954752903994,4.1875,"[[['floral', 'print']]]"
1467728681879125688,4.387096774193548,"[[['floral', 'print']]]"
1467817976975441899,4.073394495412844,"[[['floral', 'print']]]"
1468473195191288818,4.238095238095238,[[['print']]]
1470490371007882120,4.30188679245283,[[['floral']]]
1470735800815530489,4.45,[[['floral']]]
1471470167418319291,4.673076923076923,"[[['floral', 'print']]]"
1472127090845279667,4.631578947368421,"[[['floral', 'print']]]"
1472179920268213945,4.636363636363637,"[[['floral', 'print']]]"
1472830256137937924,4.5375,[[['floral']]]
1474827729907792393,4.52808988764045,"[[['floral', 'print']]]"
1475707909727803158,4.526315789473684,[[['print']]]
1475798951508568213,4.209677419354839,[[['floral']]]
1476500708580426147,4.530612244897959,[[['floral']]]
1477074505742236436,4.8,"[[['floral', 'print']]]"
1477145553636473641,4.47457627118644,"[[['floral', 'print']]]"
1477652819842186229,4.823529411764706,[[['floral']]]
1477727205060279843,4.714285714285714,[[['print']]]
1477908486897333405,4.685185185185185,"[[['floral', 'print']]]"
1478454892108351289,4.775,"[[['floral', 'print']]]"
1478571867153300770,4.535714285714286,[[['floral']]]
1478681864293894226,4.333333333333333,"[[['floral', 'print']]]"
1479393582863144663,4.390243902439025,"[[['floral', 'print']]]"
1480047964827132755,4.85,[[['floral']]]
1480176022212887245,4.626865671641791,[[['floral']]]
1480623579481301341,4.586206896551724,[[['floral']]]
1480832934440943173,4.602739726027397,[[['floral']]]
1480903385259191183,4.648148148148148,[[['floral']]]
1482232472049527052,4.534883720930233,[[['floral']]]
1482324868380541322,4.555555555555555,"[[['floral', 'print']]]"
1482798326315119766,4.6,[[['floral']]]
1482998535393458568,4.596491228070176,"[[['floral', 'print']]]"
1484171323357552840,4.423728813559322,[[['print']]]
1484445201963188736,4.542857142857143,[[['print']]]
1485203739132192306,4.52112676056338,"[[['floral', 'print']]]"
1485715234429491026,4.508474576271187,"[[['floral', 'print']]]"
1485922454194818388,4.627906976744186,[[['floral']]]
1486699251559821993,4.629032258064516,"[[['floral', 'print']]]"
1487107710817954395,4.673913043478261,[[['dot']]]
1487876062456861495,4.755555555555556,[[['print']]]
1488053777994745638,4.627118644067797,[[['print']]]
1490969733498715374,4.439024390243903,"[[['floral', 'print']]]"
1491673912219514074,4.725490196078432,[[['print']]]
1492291065993865164,4.827586206896552,[[['floral']]]
1492883295066397224,4.666666666666667,[[['floral']]]
1492968516956891942,4.375,"[[['floral', 'print']]]"
1493144901474138858,4.553571428571429,"[[['floral', 'print']]]"
1493659553631225200,4.74468085106383,"[[['floral', 'print']]]"
1494489492735394582,4.771929824561403,"[[['floral', 'print']]]"
1494624818313404253,4.492307692307692,"[[['floral', 'print']]]"
1495855714525985355,4.645161290322581,[[['floral']]]
1497285918544683474,4.48,[[['print']]]
1497537420714602265,4.264705882352941,[[['floral']]]
1498220424802033247,4.690476190476191,[[['print']]]
1498820018334250231,4.368421052631579,[[['floral']]]
1498936063661328731,4.424242424242424,[[['floral']]]
1500898191586884858,4.62962962962963,[[['print']]]
1501169134473104492,4.533333333333333,[[['print']]]
1501777284033318577,4.833333333333333,"[[['floral', 'print']]]"
1501855514043971402,4.6923076923076925,"[[['floral', 'print']]]"
1501925917559040254,4.483870967741935,[[['floral']]]
1502518780600620265,4.787878787878788,"[[['floral', 'print']]]"
1502583179835317326,4.9,[[['floral']]]
1502638902019476182,4.325,"[[['floral', 'print']]]"
1503256068041212391,4.642857142857143,"[[['floral', 'print']]]"
1503956115968199914,4.774193548387097,[[['floral']]]
1504479928006813947,4.636363636363637,[[['print']]]
1506274017610069886,4.512195121951219,[[['floral']]]
1507712766214690559,4.15,"[[['floral', 'print']]]"
1508327719540087627,4.461538461538462,[[['floral']]]
1508425640071583748,4.214285714285714,[[['floral']]]
1510542642143736099,4.102564102564102,"[[['floral', 'print']]]"
1511739758446848342,4.880952380952381,"[[['floral', 'print']]]"
1511972260344113828,5.0,[[['floral']]]
1512049719148199950,4.454545454545454,"[[['floral', 'print']]]"
1512683551882826951,4.625,[[['print']]]
1512788711506413568,4.82051282051282,[[['print']]]
1513261670243128801,4.157894736842105,"[[['floral', 'print']]]"
1513434781190089998,4.475,"[[['floral', 'print']]]"
1514121744943594434,4.551724137931035,"[[['floral', 'print']]]"
1514895090337700445,4.785714285714286,"[[['floral', 'print']]]"
1515415922256207001,4.476190476190476,[[['print']]]
1515736344046798516,4.617021276595745,[[['print']]]
1516306747655819627,4.44,[[['floral']]]
1516405397283194406,4.56,"[[['floral', 'print']]]"
1517078151699482296,3.866666666666666,[[['floral']]]
1518307358144362322,4.1875,[[['print']]]
1518519987144140229,3.7777777777777777,"[[['floral', 'print']]]"
1521205536376158233,4.756756756756757,[[['floral']]]
1521442517949506698,4.414285714285715,"[[['floral', 'print']]]"
1522831227769276522,4.5,"[[['floral', 'print']]]"
1522891273953717463,4.375,"[[['floral', 'print']]]"
1523386357425921603,4.461538461538462,"[[['floral', 'print']]]"
1523583543887693507,4.785714285714286,"[[['floral', 'print']]]"
1526262159381417066,4.162162162162162,[[['print']]]
1526520430881312773,4.612903225806452,[[['floral']]]
1527243681118946098,4.578947368421052,"[[['floral', 'print']]]"
1527740973454333124,4.777777777777778,[[['print']]]
1528010014718830736,4.117647058823529,[[['floral']]]
1528664660496029076,4.461538461538462,[[['print']]]
1529175149663519204,3.6666666666666665,[[['floral']]]
1529330222972583949,4.758620689655173,"[[['floral', 'print']]]"
1530798842680627339,4.5,[[['floral']]]
1531592146728801619,4.547619047619048,"[[['floral', 'print']]]"
1532980761430167431,3.952380952380953,"[[['floral', 'print']]]"
1533059703692417186,4.2631578947368425,[[['print']]]
1533513916524434959,4.514285714285714,"[[['floral', 'print']]]"
1534347408447444006,4.2,"[[['floral', 'print']]]"
1535138924992653918,4.428571428571429,"[[['floral', 'print']]]"
1537362055413026167,4.695652173913044,[[['floral']]]
1537885545614501503,4.0588235294117645,"[[['floral', 'print']]]"
1538078798431138151,4.365853658536586,"[[['floral', 'print']]]"
1538165552769378029,4.733333333333333,[[['print']]]
1538866974414414937,4.757575757575758,[[['print']]]
1541744532046897429,4.787878787878788,"[[['floral', 'print']]]"
1542426363331149834,4.75,[[['print']]]
1542962274485921005,3.765957446808511,"[[['floral', 'print']]]"
1543181182937567109,4.333333333333333,[[['floral']]]
1543847655745972742,4.470588235294118,[[['floral']]]
1544416331385782515,4.451612903225806,"[[['floral', 'print']]]"
1544693095949307611,4.342105263157895,[[['print']]]
1545263316510593444,4.333333333333333,[[['floral']]]
1545327580688573725,4.222222222222222,"[[['floral', 'print']]]"
1546557855472816345,4.695652173913044,"[[['floral', 'print']]]"
1546747060937530823,4.476190476190476,[[['floral']]]
1546838961334153666,4.441860465116279,[[['print']]]
1548193804548303781,4.578947368421052,[[['print']]]
1548276295342654156,4.590909090909091,"[[['floral', 'print']]]"
1548965024503839478,4.6923076923076925,[[['floral']]]
1550203563107322278,4.35,"[[['floral', 'print']]]"
1551116658038026729,4.3478260869565215,[[['print']]]
1552599754444991648,4.170731707317073,"[[['floral', 'print']]]"
1553260034346716066,4.9,[[['print']]]
1553360317278289478,4.35,[[['print']]]
1553854122502853117,4.666666666666667,"[[['floral', 'print']]]"
1554042479459615874,4.541666666666667,[[['graphic']]]
1554720596327004363,4.411764705882353,[[['print']]]
1554776670396712915,4.84,[[['print']]]
1555522764910989425,4.69811320754717,"[[['floral', 'print']]]"
1556986482802995949,4.333333333333333,[[['floral']]]
1557651250425558623,4.1,[[['print']]]
1558351365377118892,4.552631578947368,[[['print']]]
1559082603616422885,4.6,[[['floral']]]
1559147379717740790,4.517241379310345,"[[['floral', 'print']]]"
1560580368041385319,4.403846153846154,[[['floral']]]
1561793474180476467,4.65,"[[['floral', 'print']]]"
1561991401221921363,4.777777777777778,[[['print']]]
1563418871402039343,4.705882352941177,"[[['floral', 'print']]]"
1563535670999018582,4.653846153846154,"[[['floral', 'print']]]"
1564139238063874340,4.6923076923076925,[[['print']]]
1565673839752356775,4.5,[[['print']]]
1566272327238136929,4.15,"[[['floral', 'print']]]"
1566886151699845659,4.62962962962963,"[[['floral', 'print']]]"
1567146122219955349,4.304347826086956,[[['print']]]
1567529078314867732,4.05,"[[['floral', 'print']]]"
1567849058898234818,4.125,[[['print']]]
1568321573483398450,3.727272727272727,"[[['floral', 'print']]]"
1568554745965878945,3.6,[[['print']]]
1569222068255318132,4.35,[[['print']]]
1569292662854257348,4.12,"[[['floral', 'print']]]"
1570388776416184423,4.7,"[[['floral', 'print']]]"
1570756344104723213,4.5,[[['floral']]]
1572104005563146012,4.375,[[['print']]]
1572149695332845069,4.382352941176471,"[[['print']], [['print']]]"
1572841446725086964,4.666666666666667,"[[['print']], [['print']]]"
1574272738930866584,4.5,"[[['floral', 'print']], [['floral', 'print']]]"
1574383513913703589,4.05,[[['print']]]
1575098292311473472,4.56,"[[['floral', 'print']]]"
1576567414681657941,4.615384615384615,[[['print']]]
1577234209016921504,4.148148148148148,"[[['floral', 'print']]]"
1579353099851304862,4.826086956521739,"[[['floral', 'print']]]"
1579448985885375308,4.84,[[['floral']]]
1582288420062758697,4.523809523809524,[[['floral']]]
1582370846365560496,4.0638297872340425,"[[['floral', 'print']]]"
1583026221641247617,4.6923076923076925,"[[['floral', 'print']]]"
1583795257069236338,4.538461538461538,[[['print']]]
1585209921644781228,4.466666666666667,"[[['floral', 'print']]]"
1585798174298981056,5.0,"[[['floral', 'print']]]"
1585968765249320487,4.348837209302325,"[[['floral', 'print']]]"
1587902151153016005,4.428571428571429,"[[['floral', 'print']]]"
1588857352182246969,4.177777777777778,"[[['floral', 'print']]]"
1590267893546499834,4.739130434782608,"[[['floral', 'print']]]"
1591032426313730270,3.9130434782608696,[[['print']]]
1592402331197818914,3.9047619047619047,"[[['floral', 'print']]]"
1593159501183138850,4.357142857142857,[[['floral']]]
1593251738155881013,4.528301886792453,"[[['floral', 'print']]]"
1593936782193291872,4.666666666666667,"[[['floral', 'print']]]"
1594621032710043374,3.75,[[['print']]]
1596045151582313674,4.612244897959184,"[[['floral', 'print']]]"
1596869911971335560,4.1875,"[[['floral', 'print']]]"
1598305048684438822,4.8125,"[[['floral', 'print']]]"
1598761394781513964,4.136363636363637,"[[['floral', 'print']]]"
1598995662682144531,4.6,"[[['floral', 'print']]]"
1599729384351925389,4.125,[[['print']]]
1600324468470635820,4.0,[[['floral']]]
1600429508556485467,4.578947368421052,[[['print']]]
1600844952647958102,4.8,"[[['floral', 'print']]]"
1601069646638537545,4.333333333333333,[[['print']]]
1601924637372847997,4.708333333333333,"[[['floral', 'print']]]"
1602628255457638726,4.821428571428571,"[[['dot', 'floral']]]"
1603360263007813793,4.65,[[['print']]]
1604086349953917963,4.466666666666667,"[[['floral', 'print']]]"
1604771566326831386,4.521739130434782,"[[['floral', 'print']]]"
1605411524582836974,4.216216216216216,"[[['floral', 'print']]]"
1605519597796441151,4.157894736842105,[[['print']]]
1607644367928803717,3.8,[[['print']]]
1607728997851856903,3.5789473684210527,"[[['floral', 'print']]]"
1608461649437438061,4.615384615384615,[[['print']]]
1609164984381373207,4.470588235294118,[[['floral']]]
1609796078579660311,4.066666666666666,"[[['floral', 'print']]]"
1609858285677885334,4.384615384615385,[[['print']]]
1612024481709945466,4.2631578947368425,"[[['floral', 'print']]]"
1612727538076779106,4.454545454545454,"[[['floral', 'print']]]"
1612809167579200697,4.384615384615385,[[['floral']]]
1613524204245635261,4.2,[[['print']]]
1614138414289674355,3.8333333333333335,[[['floral']]]
1614242137909275323,4.333333333333333,"[[['floral', 'print']]]"
1614906260120681059,4.266666666666667,[[['print']]]
1616127269888898049,4.428571428571429,"[[['floral', 'print']]]"
1617799616060671407,4.222222222222222,[[['floral']]]
1617873724161024864,4.612903225806452,"[[['floral', 'print']]]"
1618343770557686827,4.5,[[['floral']]]
1619071961131840314,5.0,"[[['floral', 'print']]]"
1619325924426909174,4.27027027027027,"[[['floral', 'print']]]"
1621445515542479967,4.0,"[[['floral', 'print']]]"
1621952198890843979,4.352941176470588,"[[['floral', 'print']]]"
1622936292919444327,4.653061224489796,[[['print']]]
1624105970538746593,5.0,[[['floral']]]
1624284346838832187,4.545454545454546,[[['floral']]]
1624362029819895981,4.5777777777777775,"[[['floral', 'print']]]"
1625087662170742194,4.615384615384615,[[['floral']]]
1625474357344878353,4.478260869565218,[[['floral']]]
1625747385429722154,4.222222222222222,"[[['floral', 'print']]]"
1627284582427464728,4.372093023255814,"[[['floral', 'print']]]"
1627908679175996500,3.9375,"[[['floral', 'print']]]"
1628013035254670730,4.2075471698113205,[[['floral']]]
1628681783565211680,4.48936170212766,[[['floral']]]
1629126537327377559,3.7777777777777777,"[[['floral', 'print']]]"
1629387815581104465,4.696969696969697,[[['floral']]]
1630137591058516682,4.323529411764706,"[[['floral', 'print']]]"
1630842214241213795,4.1,[[['print']]]
1632313397885170763,4.7073170731707314,"[[['floral', 'print']]]"
1633013843951905181,4.333333333333333,[[['print']]]
1633098804419629522,4.545454545454546,[[['floral']]]
1634449890342617323,4.5,"[[['floral', 'print']]]"
1635259639971791174,4.766666666666667,"[[['floral', 'print']]]"
1635948611924634807,4.5,"[[['floral', 'print']]]"
1638087502081240252,4.333333333333333,"[[['floral', 'print']]]"
1638164274453723293,4.090909090909091,[[['print']]]
1640302537654275461,4.785714285714286,"[[['floral', 'print']]]"
1641515458472254106,4.580645161290323,"[[['floral', 'print']]]"
1641775029963167822,4.555555555555555,[[['print']]]
1642990796431760218,4.277777777777778,[[['floral']]]
1643154361688020155,4.25,"[[['floral', 'print']]]"
1644696203273473544,4.55,[[['print']]]
1645358943445165404,3.925,[[['floral']]]
1646122317762263850,4.538461538461538,"[[['floral', 'print']]]"
1647331833551798037,4.270833333333333,"[[['floral', 'print']]]"
1647580426636623104,4.557377049180328,[[['floral']]]
1648290173144677139,4.232558139534884,[[['floral']]]
1648775526234202762,4.521739130434782,[[['floral']]]
1649001392876914077,4.176470588235294,"[[['floral', 'print']]]"
1649489096085523494,4.571428571428571,[[['floral']]]
1649758532562359943,4.297297297297297,"[[['floral', 'print']]]"
1651623498865220067,4.571428571428571,"[[['floral', 'print']]]"
1651939580683725848,4.456140350877193,"[[['floral', 'print']]]"
1653369272947100249,4.25,[[['print']]]
1654093446669665240,4.7560975609756095,[[['print']]]
1655550901241115093,3.9130434782608696,"[[['floral', 'print']]]"
1656288706158169768,4.413793103448276,[[['floral']]]
1657736083645768991,4.571428571428571,"[[['floral', 'print']]]"
1658446449132582109,4.245283018867925,"[[['floral', 'print']]]"
1659847922127076204,4.5,[[['print']]]
1659906405857960957,4.507936507936508,"[[['floral', 'print']]]"
1661337908458457516,4.27027027027027,[[['print']]]
1663448359187242285,4.818181818181818,"[[['floral', 'print']]]"
1664238210308216502,4.0,"[[['floral', 'print']]]"
1664982726850045360,4.545454545454546,[[['floral']]]
1665647985843566607,3.9,[[['floral']]]
1669979313854583391,4.636363636363637,[[['print']]]
1670056449101538669,4.666666666666667,"[[['floral', 'print']]]"
1670738031747582889,4.655172413793103,"[[['floral', 'print']]]"
1670782250323483930,4.545454545454546,"[[['floral', 'print']]]"
1672232144535981569,5.0,"[[['floral', 'print']]]"
1672987420490902263,4.2,[[['print']]]
1675135200558792892,4.815789473684211,[[['print']]]
1675774466066340009,5.0,[[['floral']]]
1675844344269849563,4.7727272727272725,[[['print']]]
1676277093246167723,4.142857142857143,[[['floral']]]
1677692202157790334,4.5,"[[['floral', 'print']]]"
1678024182133156594,4.666666666666667,"[[['floral', 'print']]]"
1678656145391034386,4.5,[[['floral']]]
1678745729508440017,4.266666666666667,[[['print']]]
1679447251070435502,4.653061224489796,"[[['floral', 'print']]]"
1680922669342436047,4.444444444444445,[[['print']]]
1681620320056727696,4.384615384615385,"[[['floral', 'print']]]"
1682146229977109188,4.619047619047619,[[['print']]]
1682317416074311979,4.333333333333333,"[[['floral', 'print']]]"
1682841290985457351,4.633333333333334,[[['print']]]
1683009051359528148,4.138461538461539,[[['print']]]
1684540665294028532,4.573170731707317,[[['print']]]
1685232153963362376,4.491525423728813,[[['floral']]]
1685864688712025304,4.580645161290323,"[[['floral', 'print']]]"
1686392763405281353,4.9298245614035086,"[[['floral', 'print']]]"
1688812616867093080,4.543478260869565,"[[['floral', 'print']]]"
1688889441752307335,4.2631578947368425,[[['print']]]
1689605993929751938,4.466666666666667,[[['floral']]]
1690259817396940251,4.285714285714286,"[[['floral', 'print']]]"
1690349121066324331,4.53125,"[[['floral', 'print']]]"
1691505528847393533,4.62,[[['print']]]
1692513751264060795,4.734513274336283,[[['floral']]]
1693246377155182687,4.583333333333333,"[[['floral', 'print']]]"
1698786808102337280,4.393939393939394,[[['floral']]]
1699036426996084170,4.5,"[[['floral', 'print']]]"
1700454223987011004,4.583333333333333,"[[['floral', 'print']]]"
1701173472766384266,4.384615384615385,[[['floral']]]
1701744420544459786,4.44,[[['print']]]
1701901807045620713,4.654545454545454,"[[['floral', 'print']]]"
1702408016639192996,4.454545454545454,[[['print']]]
1702681014466218567,4.857142857142857,[[['floral']]]
1703140660708381810,4.909090909090909,"[[['floral', 'print']]]"
1703321398594732661,4.421052631578948,"[[['floral', 'print']]]"
1703396053657472616,4.5625,"[[['floral', 'print']]]"
1704085317475098751,4.607142857142857,"[[['floral', 'print']]]"
1704837705819400622,4.045454545454546,[[['print']]]
1707652703637649289,4.857142857142857,"[[['floral', 'print']]]"
1709126201715411559,4.705521472392638,"[[['floral', 'print']]]"
1709198824553893676,4.630434782608695,[[['print']]]
1709633800520932753,4.633466135458168,"[[['floral', 'print']]]"
1711297773259574381,4.7371428571428575,[[['print']]]
1712053569509607875,4.725274725274725,"[[['floral', 'print']]]"
1712671975401258046,4.5,"[[['floral', 'print']]]"
1712797363028701148,4.947368421052632,"[[['floral', 'print']]]"
1714173971769820956,5.0,[[['print']]]
1715674369512870478,3.857142857142857,"[[['floral', 'print']]]"
1716395175905716725,4.583333333333333,"[[['floral', 'print']]]"
1717127122411917212,4.6,"[[['floral', 'print']]]"
1717640196705267774,4.684210526315789,"[[['floral', 'print']]]"
1719253877910266076,4.0,[[['print']]]
1719322000663258144,4.181818181818182,"[[['floral', 'print']]]"
1720524633323379625,4.5,[[['print']]]
1720761206925192104,4.515151515151516,"[[['floral', 'print']]]"
1721463535286730046,3.9444444444444446,"[[['floral', 'print']]]"
1722645870401102185,4.461538461538462,[[['print']]]
1723640716083567988,4.363636363636363,[[['print']]]
1724366219014632087,3.8333333333333335,"[[['floral', 'print']]]"
1725577417164932380,4.533333333333333,[[['print']]]
1726527603777306331,4.6923076923076925,"[[['floral', 'print']]]"
1727992430668337788,4.6923076923076925,"[[['floral', 'print']]]"
1730634487710878470,4.571428571428571,"[[['floral', 'print']]]"
1730843227232022017,3.727272727272727,"[[['floral', 'print']]]"
1732287043520479782,4.260869565217392,"[[['floral', 'print']]]"
1733039102964317228,4.428571428571429,"[[['floral', 'print']]]"
1736684970468871733,4.466666666666667,"[[['floral', 'print']]]"
1737867191196113471,4.333333333333333,[[['floral']]]
1738875275058257264,4.230769230769231,"[[['floral']], [['floral']]]"
1740068422937256218,4.75,"[[['print']], [['print']]]"
1740286563680266635,4.111111111111111,"[[['floral', 'print']], [['floral', 'print']]]"
1740974740133115030,4.695652173913044,"[[['print']], [['print']]]"
1741058983760626684,4.5,"[[['floral']], [['floral']]]"
1741755098512428466,4.666666666666667,"[[['print']], [['print']]]"
1742335879718751456,4.611111111111111,"[[['floral']], [['floral']]]"
1742471137785072552,4.294117647058823,"[[['floral']], [['floral']]]"
1743026556916007785,4.771929824561403,"[[['print']], [['print']]]"
1743228029285240230,4.785714285714286,"[[['floral', 'print']]]"
1743725878129338492,4.535714285714286,"[[['floral', 'print']]]"
1743925645841059398,4.545454545454546,[[['print']]]
1744450211755833240,3.615384615384616,[[['print']]]
1744647743886763411,4.333333333333333,"[[['floral', 'print']]]"
1745191057358665466,4.625,[[['floral']]]
1746099764494013415,4.794871794871795,"[[['floral', 'print']]]"
1746795661653611179,4.571428571428571,[[['print']]]
1747279297402132412,4.454545454545454,"[[['floral', 'print']]]"
1747423246083200688,4.5,[[['print']]]
1748043506217978464,4.212121212121212,[[['print']]]
1748260625304091524,4.266666666666667,[[['floral']]]
1749012305373197345,4.813793103448276,"[[['floral', 'print']]]"
1750454915413350281,4.611111111111111,[[['print']]]
1751178167689471434,4.724137931034483,"[[['floral', 'print']]]"
1751917560863714256,4.0,[[['floral']]]
1753160891308624837,4.722222222222222,"[[['floral', 'print']]]"
1754080360071502278,4.548387096774194,"[[['floral', 'print']]]"
1754833042696801198,4.166666666666667,"[[['floral', 'print']]]"
1755538960845583460,4.142857142857143,"[[['floral', 'print']]]"
1758160428494399250,4.1923076923076925,[[['print']]]
1758380051001243415,4.428571428571429,[[['print']]]
1759844193775605629,4.142857142857143,[[['floral']]]
1760637679672132346,3.9166666666666665,[[['print']]]
1761300067270460577,4.515151515151516,[[['print']]]
1762070960674366209,4.2105263157894735,"[[['floral', 'print']]]"
1762767733352879097,4.5,"[[['floral', 'print']]]"
1763525357170119787,4.461538461538462,"[[['floral', 'print']]]"
1764250701061861634,4.555555555555555,[[['floral']]]
1764983735931109922,4.142857142857143,"[[['floral', 'print']]]"
1766433389608758523,4.333333333333333,"[[['floral', 'print']]]"
1767124221861083466,4.5,[[['print']]]
1768518437627525696,4.4,"[[['floral', 'print']]]"
1769858021712173866,4.0,"[[['floral', 'print']]]"
1771476954579751713,3.5,"[[['floral', 'print']]]"
1772702935059763077,3.8181818181818175,"[[['floral', 'print']]]"
1773417562328290881,4.666666666666667,"[[['floral', 'print']]]"
1773650844869504642,4.822222222222222,"[[['floral']], [['print']]]"
1774378643880237731,4.5,[[['floral']]]
1775145180375329205,4.678571428571429,[[['floral']]]
1776283944229489731,5.0,"[[['floral', 'print']]]"
1777728488397362952,4.806451612903226,[[['print']]]
1778466721276186080,4.636363636363637,"[[['floral', 'print']]]"
1778726799204059090,4.125,[[['graphic']]]
1779948042855053888,4.722222222222222,"[[['floral', 'print']]]"
1780132506566400626,4.636363636363637,"[[['floral', 'print']]]"
1781648489621987312,3.85,[[['floral']]]
1783041186194654911,4.6875,"[[['floral', 'print']], [['print']]]"
1785977694778133800,4.666666666666667,"[[['floral', 'print']]]"
1788874774387415249,4.873239436619718,[[['print']]]
1791047166773706310,4.435897435897436,[[['floral']]]
1791793414002733795,4.384615384615385,[[['print']]]
1794643686722948294,4.428571428571429,"[[['floral', 'print']]]"
1797564037866103623,4.333333333333333,[[['floral']]]
1798020106677610057,4.647058823529412,"[[['floral', 'print']]]"
1799015399841741733,4.190476190476191,[[['floral']]]
1800488460805816157,4.657894736842105,"[[['floral', 'print']]]"
1801715490364865073,3.0,[[['floral']]]
1802630316578772436,4.533333333333333,[[['floral']]]
1804098222902709950,4.5813953488372094,"[[['floral', 'print']]]"
1806260969991964972,4.666666666666667,[[['print']]]
1807680902009332394,4.567567567567568,"[[['floral', 'print']]]"
1808433978320132031,4.6923076923076925,"[[['floral', 'print']]]"
1809174005639569033,4.481481481481482,[[['floral']]]
1809901939993235634,4.62962962962963,"[[['floral', 'print']]]"
1810556637627798311,4.608695652173913,"[[['floral', 'print']]]"
1810633635888790433,4.695652173913044,[[['print']]]
1812780870126635355,4.373983739837398,[[['floral']]]
1813982220344741527,4.334782608695652,[[['print']]]
1814240930946230882,4.538011695906433,[[['floral']]]
1814969912490599653,4.472222222222222,[[['floral']]]
1815694967018259309,4.5,"[[['floral', 'print']]]"
1817127672821000425,4.627906976744186,"[[['floral', 'print']]]"
1818602917314537603,4.461538461538462,[[['floral']]]
1819293895126144117,3.863636363636364,[[['print']]]
1820050793873806869,4.75,"[[['floral', 'print']]]"
1820769033084231930,4.441176470588236,[[['print']]]
1822900701740044561,4.85,"[[['floral', 'print']]]"
1824194968190046958,4.2,[[['floral']]]
1825867295403406797,4.636363636363637,[[['print']]]
1827267620970674013,4.65979381443299,[[['print']]]
1827986730775926121,4.37037037037037,[[['print']]]
1828600246603992120,4.0,"[[['floral', 'print']]]"
1828708948216460428,4.391304347826087,[[['floral']]]
1829347218323638320,4.428571428571429,[[['print']]]
1829490740963843256,3.588235294117647,[[['print']]]
1831392687925110712,4.090909090909091,"[[['floral', 'print']]]"
1831646094996816375,4.909090909090909,"[[['floral', 'print']]]"
1833051445273177365,4.357142857142857,[[['print']]]
1834545830951374867,4.484444444444445,[[['print']]]
1838871204392843441,3.875,"[[['floral', 'print']]]"
1840319623334281966,4.571428571428571,[[['print']]]
1841006609301850074,5.0,[[['floral']]]
1841786431354585553,4.647058823529412,"[[['floral', 'print']]]"
1842518875112243309,4.444444444444445,"[[['floral', 'print']]]"
1843243106833993954,4.5625,[[['print']]]
1844697182474030490,4.488888888888889,"[[['floral', 'print']]]"
1846130663955599215,4.8,"[[['floral', 'print']]]"
1847606218617938583,5.0,[[['floral']]]
1848301602621217752,4.424242424242424,[[['print']]]
1849037607535935676,4.941176470588236,"[[['floral', 'print']]]"
1849753695093748116,4.695652173913044,[[['print']]]
1851217712492575144,4.694444444444445,[[['print']]]
1851914824792401655,4.446428571428571,[[['print']]]
1853369654811487033,4.5777777777777775,"[[['floral', 'print']]]"
1856298512028221931,4.515151515151516,[[['print']]]
1856981911755576726,4.5,"[[['floral', 'print']]]"
1858395213090059424,4.2105263157894735,"[[['floral', 'print']]]"
1858469845285494006,4.777777777777778,"[[['floral', 'print']]]"
1860643998197611164,4.875,"[[['floral', 'print']]]"
1861363895609207052,4.5,[[['print']]]
1862876869184203973,4.647058823529412,[[['print']]]
1863488276124712849,4.285714285714286,[[['print']]]
1864178080789304980,4.391304347826087,"[[['floral', 'print']]]"
1864928727197527114,4.954545454545454,[[['floral']]]
1865730481283561265,4.142857142857143,[[['floral']]]
1866381515110709535,4.611111111111111,[[['floral']]]
1867153645297254925,4.56,"[[['floral', 'print']]]"
1867893555218160351,4.870967741935484,[[['floral']]]
1868594154846865377,4.555555555555555,[[['print']]]
1869168863623777309,4.035714285714286,"[[['floral', 'print']]]"
1870747310754137233,4.714285714285714,"[[['floral', 'print']]]"
1871518510384249320,4.583333333333333,[[['print']]]
1872256884879488702,5.0,"[[['floral', 'print']]]"
1872984234688773356,4.357142857142857,"[[['floral', 'print']]]"
1873649575865375551,3.923076923076923,"[[['floral', 'print']]]"
1875146786533066300,4.7,[[['floral']]]
1875859556689818681,4.824561403508772,[[['print']]]
1877282059127692643,4.119047619047619,[[['print']]]
1878029025931653270,4.363636363636363,"[[['floral', 'print']]]"
1878522823170181752,4.611111111111111,"[[['floral', 'print']]]"
1878761401515222946,4.28125,"[[['floral', 'print']]]"
1879424014246965093,4.260869565217392,"[[['floral', 'print']]]"
1881628101847735562,4.808,[[['print']]]
1882372620536994158,4.857142857142857,"[[['floral', 'print']]]"
1882870021496343870,4.361111111111111,[[['print']]]
1883089653658452458,4.5,[[['floral']]]
1883821815072539248,4.7,"[[['floral', 'print']]]"
1885259441130291174,4.466666666666667,[[['print']]]
1886734368945495219,4.647058823529412,"[[['floral', 'print']]]"
1890101091207997252,4.233333333333333,[[['print']]]
1890356954715759180,4.913043478260869,[[['print']]]
1891056607144857468,4.428571428571429,[[['floral']]]
1893239387724283705,4.351351351351352,"[[['floral', 'print']]]"
1895413604708406595,4.523809523809524,"[[['floral', 'print']]]"
1896119557359488268,4.588235294117647,"[[['floral', 'print']], [['print']]]"
1896852870621617310,4.785714285714286,[[['print']]]
1897578480751050996,3.75,"[[['floral', 'print']]]"
1898314403071544632,4.6,"[[['floral', 'print']]]"
1899060762949871360,4.764705882352941,[[['print']]]
1900228286928272011,4.238095238095238,"[[['floral', 'print']]]"
1900470593573302923,4.083333333333333,[[['print']]]
1903172168653705083,4.909090909090909,[[['floral']]]
1903356976096748776,4.2,"[[['floral', 'print']]]"
1905335982153154253,3.3380281690140845,[[['print']]]
1905550001036124766,4.647058823529412,"[[['floral', 'print']]]"
1906309871180048586,4.547619047619048,[[['print']]]
1907008451301856241,4.222222222222222,[[['print']]]
1908463663883368110,4.53125,[[['print']]]
1912833155212009255,4.833333333333333,"[[['floral', 'print']]]"
1914890653716745482,4.638297872340425,[[['print']]]
1920779624053378675,4.05,[[['print']]]
1921496393051090829,4.846153846153846,"[[['floral', 'print']], [['graphic']]]"
1922951106384744577,5.0,"[[['floral', 'print']], [['floral']]]"
1924427042343066616,4.444444444444445,[[['print']]]
1928006777677342315,4.647887323943662,"[[['print']], [['floral']]]"
1929451253276972199,4.337662337662338,[[['print']]]
1930144528493228005,4.386029411764706,"[[['floral', 'print']]]"
1935921154304884480,4.727848101265823,[[['print']]]
1936723698312640340,4.730769230769231,[[['print']]]
1938925059783690087,4.780141843971631,[[['floral']]]
1941846535797052925,4.733333333333333,[[['print']]]
1942275977220686041,4.631578947368421,"[[['floral', 'print']]]"
1944696787461979324,4.344827586206897,[[['print']]]
1946153476463570660,5.0,[[['print']]]
1946671122875528153,4.761904761904762,"[[['floral', 'print']]]"
1947595744081077227,4.56,[[['print']]]
1948316389697712738,4.571428571428571,[[['floral']]]
1949090584581088489,4.5,"[[['floral', 'print']]]"
1949824746904357273,4.333333333333333,"[[['floral', 'print']]]"
1951233348311555870,4.466666666666667,[[['print']]]
1952685087648719153,4.783783783783784,[[['print']]]
1956294096490511530,4.838709677419355,"[[['floral', 'print']]]"
1957040892451783346,4.785714285714286,[[['print']]]
1957757073626239278,3.421052631578948,[[['print']]]
1958497003722041531,4.75,"[[['floral', 'print']]]"
1959234230127046317,4.227272727272728,[[['floral']]]
1962114912809437672,4.1891891891891895,"[[['floral', 'print']]]"
1962853046593750240,3.875,[[['print']]]
1965017334552824275,4.648936170212766,[[['floral']]]
1966508445158882822,4.733695652173913,"[[['floral', 'print']]]"
1967879658892483194,4.721311475409836,"[[['print']], [['floral', 'print']]]"
1970115930562302528,4.7745098039215685,[[['print']]]
1971479628195469692,4.930232558139535,[[['print']]]
1973719522275933669,5.0,"[[['floral', 'print']]]"
1978061680063662651,4.733333333333333,[[['floral']]]
1980949905337836665,4.428571428571429,"[[['floral', 'print']]]"
1981651334591672851,4.090909090909091,"[[['floral', 'print']]]"
1982411223450450108,4.294117647058823,[[['print']]]
1983115904740980298,5.0,[[['print']]]
1983877542590854733,4.764705882352941,[[['floral']]]
1986650151934116717,4.59375,"[[['floral', 'print']], [['print']]]"
1988197264241249913,5.0,"[[['floral', 'print']]]"
1988945946003706338,4.166666666666667,[[['floral']]]
1990173568738070555,4.21875,"[[['floral', 'print']]]"
1992295145663545151,4.833333333333333,[[['print']]]
1993908517530016472,3.857142857142857,[[['print']]]
1995193794294801652,4.934426229508197,"[[['floral', 'print']]]"
1996894686706414030,4.6,[[['print']]]
2001839952517763441,4.25,"[[['print']], [['floral', 'print']]]"
2001950084941560148,4.48,[[['floral']]]
2002681527208572686,4.6923076923076925,[[['print']]]
2004870701852500491,4.857142857142857,[[['print']]]
2006319904483059635,4.535714285714286,"[[['floral', 'print']]]"
2008539741988946118,3.75,"[[['floral']], [['floral', 'print']], [['floral']]]"
2009150857081341402,4.555555555555555,[[['floral']]]
2009941122188684351,4.82258064516129,"[[['floral', 'print']], [['print']]]"
2019392387308553259,4.157894736842105,[[['print']]]
2020110628683093353,4.444444444444445,[[['print']]]
2021291421558099079,4.722222222222222,[[['print']]]
2021420214333530959,4.8,"[[['print']], [['floral', 'print']]]"
2025173766608760632,4.578947368421052,"[[['floral', 'print']]]"
2026338981379346739,4.5,[[['floral']]]
2026545021001757166,4.541666666666667,"[[['print']], [['print']]]"
2027146546900125553,3.7222222222222223,"[[['print']], [['floral', 'print']]]"
2027341958315632101,4.318181818181818,"[[['floral', 'print']]]"
2028044261947530157,4.318181818181818,[[['floral']]]
2028768022151488656,4.8320610687022905,"[[['print']], [['print']]]"
2031543232175130998,4.909090909090909,"[[['floral', 'print']]]"
2032391471858360085,4.563106796116505,"[[['floral', 'print']]]"
2033195274484358097,4.888888888888889,"[[['print']], [['print']]]"
2033857992465770087,4.8059701492537314,"[[['floral', 'print']]]"
2034556655586679910,4.65,[[['print']]]
2035325744584305457,4.791666666666667,"[[['floral', 'print']]]"
2037482282895600363,4.682080924855492,"[[['print']], [['print']]]"
2038196986962141388,4.887096774193548,"[[['floral']], [['print']]]"
2038932631292738983,4.685714285714286,[[['floral']]]
2041727663644997786,4.5,"[[['floral', 'print']]]"
2042538025659356322,4.586206896551724,"[[['floral', 'print']], [['print']], [['floral', 'print']]]"
2043287611487177523,5.0,[[['floral']]]
2045437033868227150,4.791666666666667,[[['print']]]
2045996780472373131,4.7727272727272725,"[[['floral', 'print']]]"
2046727429999162290,4.526315789473684,"[[['floral', 'print']]]"
2047555712856730834,4.671875,[[['print']]]
2048333488727631384,4.7727272727272725,[[['print']]]
2049778996352568166,4.666666666666667,[[['print']]]
2054159709013033527,4.830188679245283,"[[['floral', 'print']]]"
2054704525061034266,4.771428571428571,"[[['floral']], [['floral']]]"
2054865759936785715,4.64,"[[['floral', 'print']]]"
2055585237565879137,4.9,[[['print']]]
2056934200592196944,4.798507462686567,"[[['floral', 'print']]]"
2059244656388462135,4.782608695652174,[[['floral']]]
2059909576364690839,4.46875,"[[['floral', 'print']], [['print']], [['floral', 'print']]]"
2060676643858873012,4.636363636363637,"[[['floral', 'print']]]"
2063593839819947158,4.708333333333333,"[[['floral', 'print']]]"
2065027542693502656,4.890909090909091,"[[['floral', 'print']], [['floral', 'print']], [['floral', 'print']]]"
2065730794934443619,4.870967741935484,"[[['floral', 'print']]]"
2066450473571074169,4.647058823529412,[[['print']]]
2069898718758571182,4.594202898550725,"[[['print']], [['floral', 'print']]]"
2072197807672136137,4.665919282511211,[[['print']]]
2073725754510095536,4.65359477124183,"[[['floral', 'print']]]"
2075145020706837483,4.796791443850268,"[[['floral']], [['print']]]"
2076547314417549795,4.96875,[[['print']]]
2077208436669924638,4.636363636363637,[[['print']]]
2078006923351098449,4.421052631578948,"[[['print']], [['print']], [['print']]]"
2079549487598409683,4.66,[[['print']]]
2080947056442351134,4.142857142857143,"[[['floral']], [['floral', 'print']]]"
2081680973424236332,4.133333333333334,[[['print']]]
2082377645926157039,4.694444444444445,[[['floral']]]
2086098552406620495,4.5625,[[['print']]]
2086661741544375364,4.266666666666667,"[[['floral', 'print']], [['floral', 'print']]]"
2087251534045184767,4.5,"[[['print']], [['floral', 'print']]]"
2088226952961131576,4.888888888888889,"[[['floral', 'print']]]"
2088949328317348151,4.789473684210527,"[[['floral', 'print']]]"
2090393577332192207,4.0,[[['print']]]
2092556766878772782,4.75,"[[['print']], [['print']]]"
2093990197206567749,4.466666666666667,"[[['floral', 'print']]]"
2095453918344817424,4.423076923076923,"[[['floral', 'print']], [['floral']]]"
2096861668979296155,4.466666666666667,[[['print']]]
2098357249279035382,4.8,[[['print']]]
2099815107761934182,5.0,[[['print']]]
2101264158072079216,4.67741935483871,"[[['floral', 'print']]]"
2102563752596737133,4.636363636363637,[[['print']]]
2103143448980197996,4.916666666666667,"[[['floral', 'print']]]"
2104149891300534448,4.92,[[['print']]]
2104910636820850940,4.697674418604652,"[[['floral', 'print']]]"
2107003324336576501,5.0,"[[['floral']], [['floral', 'print']]]"
2108509812343384505,4.6,"[[['floral', 'print']]]"
2111439234530644024,4.795454545454546,"[[['print']], [['print']], [['floral', 'print']]]"
2115057060690623662,4.565217391304348,[[['print']]]
2115755147931185788,4.944444444444445,"[[['floral']], [['floral']]]"
2116494636240613031,4.882352941176471,"[[['floral', 'print']], [['print']]]"
2119381773437044651,4.222222222222222,"[[['floral']], [['floral', 'print']]]"
2120095922907310448,4.588235294117647,[[['print']]]
2120851729257106515,4.622222222222222,"[[['print']], [['print']]]"
2121581387669926383,4.419047619047619,"[[['print']], [['floral', 'print']]]"
2125231815507043331,4.752475247524752,"[[['floral', 'print']], [['floral', 'print']], [['floral', 'print']]]"
2127347115111176492,4.595744680851064,[[['floral']]]
2129532775012097345,4.710144927536232,[[['print']]]
2131710566096843544,4.440677966101695,"[[['floral', 'print']]]"
2134620603521824053,4.645161290322581,"[[['floral', 'print']]]"
2135331494529697875,4.366666666666666,"[[['floral', 'print']]]"
2136796128466002482,4.838709677419355,[[['print']]]
2138117293339874190,4.712121212121212,"[[['print']], [['floral', 'print']]]"
2139667090655967063,4.851851851851852,"[[['floral', 'print']]]"
2140406051498289855,4.654545454545454,[[['print']]]
2141872770590773272,4.714285714285714,"[[['print']], [['floral', 'print']]]"
2143215559022798723,4.625,"[[['floral', 'print']]]"
2144788716481523335,4.681818181818182,[[['floral']]]
2145450405233294071,4.859154929577465,[[['print']]]
2146910620067751382,4.579710144927536,"[[['floral']], [['print']]]"
2149084543232264361,4.645161290322581,[[['print']]]
2150554540391620921,4.678571428571429,"[[['floral', 'print']], [['floral', 'print']]]"
2153202311619790850,4.71875,"[[['floral', 'print']]]"
2154134871627621911,4.6,"[[['floral', 'print']], [['floral', 'print']], [['floral', 'print']], [['print']]]"
2154912350373975339,4.625,[[['print']]]
2156343039464064829,4.866666666666666,[[['print']]]
2157072607816862639,4.68,"[[['floral', 'print']]]"
2157734217547790330,4.333333333333333,[[['print']]]
2158379863766279237,4.67741935483871,"[[['floral']], [['floral']], [['floral']]]"
2158470439115368024,4.594594594594595,"[[['floral', 'print']], [['floral', 'print']]]"
2159955689825821843,4.647058823529412,"[[['floral', 'print']]]"
2160614400957137770,4.818181818181818,[[['floral']]]
2160708654937231603,4.333333333333333,"[[['floral', 'print']], [['floral', 'print']], [['floral']]]"
2161347158096522563,4.846153846153846,"[[['floral']], [['print']], [['floral', 'print']], [['floral', 'print']]]"
2162076638444285302,4.7560975609756095,"[[['floral', 'print']]]"
2162797348510765733,4.779411764705882,"[[['floral', 'print']]]"
2164320418690034535,4.846153846153846,"[[['floral', 'print']]]"
2165039405149410195,4.85,"[[['floral', 'print']]]"
2166497960641473440,4.555555555555555,"[[['floral', 'print']]]"
2167230684973222718,4.707838479809976,[[['print']]]
2167779762064837756,4.640495867768595,"[[['floral', 'print']]]"
2168445900620820469,4.622073578595318,"[[['floral', 'print']]]"
2170115926570472321,4.729166666666667,"[[['print']], [['floral', 'print']]]"
2170848656377618143,4.729927007299271,[[['print']]]
2171568496019237064,4.673469387755102,[[['print']]]
2172293638408097206,4.649746192893401,[[['graphic']]]
2172808902832621593,4.723214285714286,"[[['floral', 'print']]]"
2173595654488965552,4.703125,"[[['print']], [['floral', 'print']], [['print']]]"
2175188863128318033,4.466666666666667,"[[['floral', 'print']]]"
2175900418740324745,4.545454545454546,[[['floral']]]
2176616211899922447,4.6,"[[['floral', 'print']], [['print']]]"
2177356903135743632,4.846153846153846,"[[['print']], [['print']]]"
2177883961758840533,4.55,"[[['floral']], [['floral', 'print']]]"
2178068787279198860,4.9,"[[['print']], [['print']]]"
2178557771470143883,4.722222222222222,[[['floral']]]
2179265117485957558,4.6875,"[[['floral', 'print']]]"
2179529193013297323,4.684210526315789,"[[['print']], [['print']]]"
2180254002156190863,4.714285714285714,"[[['floral', 'print']]]"
2180991727809515189,5.0,"[[['print']], [['print']]]"
2181638364043139426,4.695652173913044,[[['print']]]
2181717767519418445,4.640449438202247,"[[['floral']], [['floral']]]"
2182430348336853164,4.55,"[[['floral', 'print']], [['floral', 'print']], [['print']], [['print']]]"
2183156563192540970,4.676470588235294,[[['print']]]
2183616520627062013,4.9523809523809526,"[[['print']], [['floral', 'print']]]"
2184471133135673799,4.541666666666667,"[[['floral', 'print']]]"
2186065227284902659,5.0,[[['floral']]]
2186763851639728787,4.428571428571429,"[[['floral', 'print']]]"
2187540028079922565,4.92,"[[['floral', 'print']]]"
2188209498079212695,4.779661016949152,"[[['floral', 'print']], [['floral', 'print']]]"
2190412216676086765,4.747747747747748,"[[['floral', 'print']]]"
2193274432760667609,4.507692307692308,[[['print']]]
2196215268783880277,4.858695652173913,"[[['floral', 'print']]]"
2196918057050596752,4.670995670995671,[[['print']]]
2197434247745576954,4.76984126984127,"[[['floral', 'print']], [['floral', 'print']]]"
2198291363985292515,4.7317073170731705,"[[['floral', 'print']], [['print']]]"
2199796147494016111,4.4625,"[[['floral', 'print']]]"
2201998471800862616,4.505263157894737,"[[['print']], [['floral', 'print']]]"
2203447278925343345,4.666666666666667,[[['print']]]
2204114888272683604,4.2727272727272725,"[[['floral', 'print']], [['floral']]]"
2204697285796221484,5.0,[[['print']]]
2206447724220782842,4.9,"[[['print']], [['floral', 'print']], [['print']]]"
2206843015084328696,4.846153846153846,"[[['floral', 'print']], [['print']], [['floral', 'print']]]"
2207767276376310115,4.607843137254902,[[['print']]]
2209946732499050015,4.293333333333333,"[[['floral', 'print']]]"
2211347272252770335,4.818181818181818,"[[['floral']], [['floral', 'print']], [['floral']]]"
2212874395043921900,4.9,"[[['floral', 'print']], [['print']]]"
2213589422029846074,5.0,[[['print']]]
2215025334848736638,5.0,"[[['floral', 'print']]]"
2216508584171549009,4.909090909090909,[[['print']]]
2217192852489074521,4.704545454545454,"[[['floral', 'print']]]"
2217946432611354135,4.857142857142857,[[['floral']]]
2220864661579268038,4.894736842105263,[[['floral']]]
2222295187737457724,4.363636363636363,[[['print']]]
2223024252413004542,4.512820512820513,"[[['floral', 'print']]]"
2224307381752730534,4.25,[[['floral']]]
2224407052173075159,4.72,"[[['print']], [['print']]]"
2228075727371564338,4.5,[[['floral']]]
2228760183384194248,4.65625,[[['print']]]
2229453457929501102,4.666666666666667,"[[['floral', 'print']]]"
2231001794596020957,4.875,"[[['floral', 'print']]]"
2233205228757790753,4.555555555555555,"[[['floral', 'print']], [['print']], [['floral', 'print']]]"
2236073648973002703,4.728,"[[['floral', 'print']]]"
2238235396291221188,4.652173913043479,"[[['floral', 'print']]]"
2239579445061413702,4.661538461538462,[[['print']]]
2240376988603010654,5.0,"[[['floral', 'print']], [['floral', 'print']]]"
2241163801278216714,4.696428571428571,[[['print']]]
2241895439872075994,4.75,"[[['print']], [['print']]]"
2243329264456271487,4.72463768115942,"[[['floral', 'print']]]"
2243831658038269445,4.703703703703703,[[['print']]]
2246230676437529090,4.541666666666667,[[['print']]]
2246955283926855586,4.733333333333333,"[[['floral', 'print']]]"
2247691330675635034,4.5,"[[['floral']], [['print']]]"
2250571104527932705,4.761904761904762,[[['print']]]
2252028196484878478,4.619047619047619,"[[['floral', 'print']]]"
2252736342312572199,5.0,[[['print']]]
2253460178024736570,5.0,[[['floral']]]
2254799015053336284,4.2,"[[['print']], [['floral']]]"
2256368801298144876,4.956521739130435,"[[['floral', 'print']]]"
2257097810508045393,4.666666666666667,"[[['print']], [['print']], [['print']]]"
2257817026362340821,4.5,"[[['print']], [['floral', 'print']], [['floral', 'print']]]"
2258553714302680144,4.647058823529412,[[['floral']]]
2259874165339708950,4.857142857142857,"[[['floral', 'print']]]"
2261450544409624627,4.947368421052632,[[['print']]]
2262877183941056764,5.0,[[['print']]]
2263607659697881733,5.0,"[[['print']], [['print']], [['print']], [['print']]]"
2264274612829673327,5.0,[[['print']]]
2265774945208686538,4.756756756756757,[[['print']]]
2266505969144409053,4.75,"[[['floral']], [['floral', 'print']], [['floral']]]"
2267232597960819548,4.72,"[[['print']], [['print']], [['floral', 'print']]]"
2279523740182432876,4.729166666666667,[[['print']]]
2280975559773567995,4.878048780487805,[[['print']]]
2282413988436512756,4.979591836734694,[[['print']]]
2283171279981008769,4.584615384615384,[[['print']]]
2283919551439866358,4.914634146341464,"[[['print']], [['floral', 'print']]]"
2286105618331003190,4.922077922077922,"[[['floral']], [['print']], [['floral']]]"
2286817357586729492,5.0,[[['print']]]
2289668665838563379,4.911111111111111,"[[['floral', 'print']]]"
2291899223012411140,4.81981981981982,"[[['print']], [['print']]]"
2293332745640168878,4.7,[[['print']]]
2296153604486522510,4.934782608695652,"[[['floral', 'print']]]"
2298395482271430586,4.785714285714286,[[['print']]]
2300334088883945126,4.571428571428571,[[['print']]]
2302035745967673227,4.824324324324325,"[[['floral', 'print']]]"
2302721233233745876,4.703703703703703,"[[['floral', 'print']]]"
2303476245207651682,4.941176470588236,[[['floral']]]
2305418281192123032,4.764705882352941,"[[['floral', 'print']]]"
2306343452404961392,4.891891891891892,[[['print']]]
2307107709891470391,4.7407407407407405,[[['print']]]
2307840299929813529,4.594594594594595,[[['floral']]]
2309291503243306049,4.555555555555555,"[[['floral', 'print']]]"
2309791618840284196,4.571428571428571,"[[['floral', 'print']]]"
2312160290619705931,4.392857142857143,[[['floral']]]
2312884046480780728,4.511111111111111,"[[['print']], [['print']]]"
2313610435710206581,4.842105263157895,[[['floral']]]
2318681009323128842,4.7846153846153845,"[[['floral', 'print']]]"
2319408729489320908,4.7368421052631575,"[[['floral', 'print']], [['floral']], [['print']]]"
2320702858240348071,4.652173913043479,[[['floral']]]
2323786207049713950,4.32,[[['floral']]]
2324485908736572010,4.212121212121212,[[['print']]]
2326653657441133195,5.0,[[['floral']]]
2329562420343190060,5.0,[[['floral']]]
2331679205829713988,4.428571428571429,"[[['floral', 'print']]]"
2333899666676407566,4.8,[[['floral']]]
2334622470900129861,4.5625,[[['floral']]]
2335853475132713728,4.684210526315789,[[['print']]]
2340909424398688900,4.568627450980392,"[[['floral', 'print']]]"
2342603534595751856,4.666666666666667,"[[['floral', 'print']]]"
2343345904081642176,4.6571428571428575,[[['floral']]]
2346929428114135984,4.943396226415095,[[['print']]]
2348370015325485553,4.789473684210527,[[['floral']]]
2351973958865407684,4.615384615384615,[[['print']]]
2353476499319247673,4.9,"[[['floral', 'print']]]"
2358549841130725897,4.2105263157894735,[[['print']]]
2359295613497478736,4.823529411764706,"[[['print']], [['print']]]"
2361171622505099410,4.789473684210527,"[[['floral', 'print']]]"
2363609522312289913,4.75,[[['print']]]
2365060175626598553,4.887096774193548,"[[['print']], [['print']]]"
2366359191144617798,4.565217391304348,"[[['floral', 'print']]]"
2367209935791945856,5.0,"[[['print']], [['floral']], [['print']]]"
2367957393782271345,4.852941176470588,"[[['floral', 'print']]]"
2368688880441876220,5.0,[[['floral']]]
2369420065312857588,4.636363636363637,[[['print']]]
2371382608247684327,4.153846153846154,[[['print']]]
2372322132738111934,4.647058823529412,"[[['floral', 'print']], [['floral', 'print']], [['floral', 'print']]]"
2374499800334121371,5.0,[[['print']]]
2375262123801824152,4.727272727272728,"[[['floral', 'print']], [['floral', 'print']], [['floral', 'print']]]"
2376519729518421185,4.266666666666667,[[['print']]]
2377352382874374641,4.54954954954955,"[[['floral', 'print']], [['print']], [['print']]]"
2378814526257891937,4.51063829787234,[[['floral']]]
2380249859424222992,4.828571428571428,"[[['floral', 'print']]]"
2385358494500343824,4.8125,"[[['floral', 'print']]]"
2386689747958691217,5.0,[[['floral']]]
2389700751390947040,4.388888888888889,[[['print']]]
2390430417160555009,4.710144927536232,"[[['floral']], [['print']]]"
2394758018717076177,4.545454545454546,[[['floral']]]
2397455065358341236,5.0,[[['print']]]
2398340241877888359,4.479166666666667,[[['print']]]
2399835302545216488,4.89873417721519,"[[['floral', 'print']], [['floral', 'print']], [['floral', 'print']]]"
2400563683700142824,4.717948717948718,"[[['floral', 'print']]]"
2401915040633931682,4.782608695652174,[[['floral']]]
2405652054499782458,4.944444444444445,[[['print']]]
2406977175785126730,4.75,[[['print']]]
2409237163610137604,4.636363636363637,"[[['floral', 'print']], [['print']], [['print']]]"
2409944672314335529,4.6923076923076925,"[[['floral', 'print']]]"
2410467850811941703,5.0,"[[['floral', 'print']]]"
2414321404555434087,5.0,[[['print']]]
2415769374094186670,4.833333333333333,[[['floral']]]
2417136288741672841,4.666666666666667,"[[['floral', 'print']]]"
2419359490599480793,4.176470588235294,"[[['floral', 'print']]]"
2420829909512708223,4.754716981132075,"[[['floral', 'print']], [['print']]]"
2422777820593089249,4.92,"[[['floral']], [['print']], [['print']]]"
2423536367627087415,4.807692307692308,"[[['floral', 'print']]]"
2423754997174300610,4.666666666666667,"[[['floral', 'print']]]"
2424503937138070392,4.884615384615385,"[[['floral', 'print']]]"
2427267254646653436,4.945945945945946,[[['print']]]
2431699560878700513,4.793103448275862,"[[['floral']], [['floral']], [['floral', 'print']], [['print']]]"
2433095641348809390,5.0,"[[['floral', 'print']]]"
2434626955231329345,4.923076923076923,"[[['floral', 'print']]]"
2436097764248417900,4.878048780487805,"[[['print']], [['floral', 'print']]]"
2438240457179230279,4.870588235294117,[[['floral']]]
2439724110908260403,4.886363636363637,[[['print']]]
2440447418280734183,4.883333333333334,[[['floral']]]
2442484613644635746,4.916666666666667,[[['floral']]]
2446933333866087181,4.653846153846154,[[['print']]]
2449865454075119478,4.916666666666667,"[[['floral', 'print']]]"
2451333590297240853,5.0,[[['floral']]]
2452000790439788996,4.867924528301887,"[[['floral', 'print']], [['print']]]"
2453509615236129222,4.944444444444445,"[[['floral', 'print']], [['floral', 'print']]]"
2455654793551921868,4.875,"[[['print']], [['print']]]"
2456409579477822459,4.754098360655738,"[[['floral', 'print']]]"
2460020735157215978,4.887323943661972,"[[['floral', 'print']]]"
2460763484051672594,4.785714285714286,[[['floral']]]
2463654746714855472,4.846153846153846,"[[['floral', 'print']]]"
2465849462227256597,4.9375,[[['print']]]
2467218640993637323,4.466666666666667,"[[['floral', 'print']]]"
2468657937172953377,4.90625,"[[['print']], [['floral', 'print']], [['print']]]"
2468736979947685207,4.660377358490566,"[[['print']], [['print']]]"
2471647278996407307,5.0,[[['print']]]
2472039076482886370,4.913043478260869,[[['print']]]
2472305617262729858,4.714285714285714,"[[['print']], [['floral', 'print']], [['floral', 'print']], [['floral', 'print']], [['print']], [['floral', 'print']]]"
2473495069515501888,4.8,"[[['floral', 'print']]]"
2476593926545643165,5.0,"[[['floral', 'print']]]"
2477293805366447519,4.6923076923076925,[[['floral']]]
2478003490621089659,5.0,[[['print']]]
2483966168325847322,4.833333333333333,[[['print']]]
2484688943105499313,4.315789473684211,"[[['print']], [['print']], [['floral']], [['print']], [['floral']]]"
2486110900753685551,4.807692307692308,"[[['floral']], [['floral']], [['graphic']], [['floral']], [['floral']], [['floral']], [['floral']]]"
2486841911720499815,4.95,"[[['print']], [['floral']]]"
2493245522369286804,4.428571428571429,"[[['print']], [['floral']]]"
2496231581596007704,3.7142857142857135,"[[['floral', 'print']], [['print']], [['floral']], [['floral', 'print']], [['print']], [['floral', 'print']], [['floral']]]"
2496972736889751070,4.96078431372549,"[[['floral', 'print']]]"
2499140587046095171,4.6,"[[['print']], [['print']]]"
2501332251219083731,4.704545454545454,[[['print']]]
2502067462345270450,4.615384615384615,"[[['floral', 'print']]]"
2503982757687241599,5.0,"[[['floral', 'print']], [['print']], [['floral', 'print']]]"
2504943132138102586,4.307692307692308,"[[['floral']], [['floral', 'print']]]"
2506404246877140699,4.7,"[[['floral', 'print']]]"
2508349202718152203,4.222222222222222,"[[['floral']], [['floral', 'print']]]"
2514362413145732099,4.2,[[['print']]]
2515612923911817415,4.837209302325581,"[[['floral', 'print']]]"
2517254319685207272,4.875,[[['floral']]]
2520618453004912321,4.56,"[[['floral']], [['print']], [['floral']], [['print']], [['floral', 'print']], [['graphic']]]"
2522178058793053780,4.65,[[['floral']]]
2524535317518973528,4.87037037037037,[[['floral']]]
2524946408711593017,4.92,[[['floral']]]
2525946327832363542,4.791666666666667,"[[['floral', 'print']]]"
2527189427808465322,4.8125,"[[['floral']], [['floral']]]"
2528570344351282795,4.391304347826087,"[[['print']], [['print']], [['print']]]"
2529622090322329235,4.806451612903226,[[['print']]]
2530329083118986685,5.0,[[['floral']]]
2531018933920983825,4.142857142857143,[[['print']]]
2531506935277546070,4.727272727272728,[[['print']]]
2532445637860332520,4.7,[[['floral']]]
2534655432189088561,4.761904761904762,"[[['floral', 'print']]]"
2540427745501167580,4.2,[[['floral']]]
2543824919928997062,5.0,"[[['floral', 'print']]]"
2544533516904155063,4.416666666666667,[[['print']]]
2544775774534564230,4.75,"[[['floral', 'print']]]"
2546013360888274073,4.1,[[['print']]]
2547728240154723098,5.0,[[['floral']]]
2548941412219968312,5.0,[[['floral']]]
2551884050661243973,4.166666666666667,"[[['floral', 'print']]]"
2552801350558093757,4.764705882352941,"[[['print']], [['print']], [['floral', 'print']], [['print']]]"
2555680824492428064,4.829787234042553,"[[['floral', 'print']], [['floral', 'print']], [['print']], [['floral', 'print']], [['floral', 'print']], [['floral']]]"
2557863428456983673,4.586206896551724,"[[['floral', 'print']]]"
2560738231790704225,4.578947368421052,"[[['floral', 'print']], [['print']], [['floral']], [['print']], [['floral', 'print']], [['floral', 'print']]]"
2564091899499799299,4.4375,"[[['floral']], [['floral']]]"
2565084490257216320,4.875,[[['print']]]
2568019054336296815,4.761904761904762,[[['print']]]
2569335046651789449,5.0,"[[['print']], [['floral']]]"
2570612224785977076,4.942857142857143,"[[['floral']], [['print']]]"
2571641535014104287,4.927272727272728,"[[['floral']], [['floral', 'print']]]"
2572326907599401807,4.838235294117647,"[[['striped']], [['floral']], [['floral']], [['floral', 'print']], [['striped']], [['print']], [['print']]]"
2573099497851126233,4.760869565217392,[[['print']]]
2573600321924590384,5.0,[[['floral']]]
2575712708425165483,5.0,"[[['floral', 'print']]]"
2576694779457060247,5.0,[[['graphic']]]
2578155166912381510,4.727272727272728,[[['floral']]]
2581076507340681644,4.826086956521739,[[['print']]]
2581485523376101303,4.904761904761905,"[[['print']], [['print']]]"
2582955855568031887,4.894736842105263,"[[['print']], [['print']], [['print']]]"
2583671954248891313,4.876923076923077,"[[['print']], [['floral', 'print']], [['floral', 'print']], [['print']], [['floral']]]"
2583917325738924304,4.816901408450704,[[['graphic']]]
2584458087119603109,4.965517241379311,"[[['floral', 'print']], [['print']]]"
2585146290659095030,5.0,"[[['floral', 'print']]]"
2585373033466456000,4.916666666666667,"[[['floral', 'print']]]"
2590472038781487753,4.75,[[['floral']]]
2591679563937665250,5.0,"[[['floral', 'print']], [['floral', 'print']]]"
2594045892007053391,4.428571428571429,"[[['graphic']], [['graphic']]]"
2594680059824796433,5.0,"[[['floral', 'print']]]"
2600561867967745991,4.555555555555555,[[['print']]]
2602641851876333314,3.829268292682927,"[[['floral', 'print']], [['floral', 'print']], [['print']]]"
2603937296749620024,4.739130434782608,"[[['floral', 'print']]]"
2605639614385654416,5.0,[[['print']]]
2606166221835817030,4.916666666666667,"[[['print']], [['floral']]]"
2608547507833546269,4.785714285714286,[[['print']]]
2610518988008316484,4.761904761904762,"[[['print']], [['floral']]]"
2613651368323583053,4.867469879518072,[[['floral']]]
2614832724202252916,4.872727272727273,"[[['floral', 'print']]]"
2616323308012291180,4.862745098039215,[[['print']]]
2617766590919703772,4.592592592592593,[[['print']]]
2619922584122438732,4.5588235294117645,"[[['floral']], [['floral', 'print']]]"
2628160641548338118,4.725,"[[['floral', 'print']]]"
2630786153387633679,4.894736842105263,"[[['print']], [['print']], [['floral', 'print']]]"
2635139154449398463,4.785714285714286,"[[['floral']], [['print']], [['floral']]]"
2637356546801895915,4.230769230769231,[[['print']]]
2639752980914582713,4.789473684210527,[[['print']]]
2641161696264121899,4.7407407407407405,"[[['floral']], [['print']]]"
2644031877121826332,4.777777777777778,"[[['floral']], [['floral', 'print']]]"
2647722174117533480,4.583333333333333,"[[['floral']], [['floral']], [['floral', 'print']], [['floral']], [['floral']], [['print']]]"
2652031418756441197,4.638888888888889,"[[['floral']], [['graphic']]]"
2654946291384223816,4.8,"[[['print']], [['print']]]"
2659049764861898231,4.419354838709677,"[[['floral']], [['print']], [['floral', 'print']], [['floral', 'print']]]"
2662200439355103920,4.848484848484849,[[['floral']]]
2662939494494398650,4.7727272727272725,"[[['floral']], [['floral']]]"
2663623292948355596,4.466666666666667,"[[['floral']], [['print']]]"
2666292163866677953,4.633333333333334,"[[['floral', 'print']]]"
2668550368080118568,4.471428571428572,"[[['floral', 'print']]]"
2670708309587519998,4.727272727272728,[[['floral']]]
2672787460188983426,4.608695652173913,"[[['floral']], [['floral']], [['floral']]]"
2674969100596115051,4.684210526315789,"[[['floral', 'print']]]"
2675760289699734268,4.888888888888889,[[['floral']]]
2676474971578280181,4.928571428571429,"[[['floral']], [['print']]]"
2679420011048949978,4.6923076923076925,[[['print']]]
2680881490248072376,4.111111111111111,"[[['print']], [['floral', 'print']], [['floral', 'print']]]"
2685365166486621461,4.846153846153846,"[[['print']], [['floral']]]"
2698436073727770815,4.846153846153846,"[[['floral', 'print']]]"
2703192205646691702,4.730769230769231,"[[['floral']], [['floral', 'print']], [['print']]]"
2709290890268407627,4.5,"[[['floral']], [['floral']], [['print']], [['print']]]"
2711260582612621107,4.818181818181818,"[[['print']], [['print']], [['print']]]"
2712945768596375489,4.714285714285714,"[[['floral']], [['floral']]]"
2713648056659996833,4.6,"[[['graphic']], [['print']], [['floral']]]"
2714393206339171602,4.866666666666666,[[['floral']]]
2717273401317483924,2.9056603773584904,"[[['print']], [['floral', 'print']]]"
2720162201295351999,4.648351648351649,[[['floral']]]
2720686856137493399,4.970370370370371,[[['floral']]]
2725312252121695322,4.788732394366197,[[['floral']]]
2727447813921803576,4.835616438356165,[[['print']]]
2731038575954371499,4.95,"[[['floral']], [['print']]]"
2731580288922016971,4.828571428571428,"[[['floral']], [['print']]]"
2734669679265420890,4.733333333333333,"[[['print']], [['print']], [['print']]]"
2736235374505090943,4.872340425531915,"[[['floral', 'print']], [['floral', 'print']], [['floral', 'print']]]"
2736608158464726464,4.911764705882353,"[[['floral', 'print']], [['floral', 'print']]]"
2737333802878241107,4.977011494252873,[[['floral']]]
2738347575390894384,5.0,"[[['print']], [['print']]]"
2740478603633651706,4.6,"[[['floral', 'print']], [['floral', 'print']], [['floral', 'print']], [['floral', 'print']], [['floral', 'print']], [['floral', 'print']]]"
2741243358280798686,5.0,[[['floral']]]
2751175929754968338,4.818181818181818,"[[['floral']], [['floral']], [['floral']], [['floral']]]"
2753961883957117609,4.647058823529412,"[[['print']], [['floral']], [['graphic']], [['print']]]"
2755490829012798884,4.818181818181818,"[[['floral', 'print']]]"
2760780565679758971,4.857142857142857,[[['print']]]
2762722072108454317,4.806451612903226,"[[['print']], [['print']]]"
2764400410313036665,4.357142857142857,"[[['floral', 'print']]]"
2767987107898558347,4.846153846153846,"[[['print']], [['graphic']]]"
2769430828120696456,4.642857142857143,"[[['graphic']], [['floral']]]"
2773110301732247610,2.4010416666666665,"[[['floral']], [['floral', 'print']]]"
2773508892791448512,5.0,"[[['floral', 'print']], [['print']], [['print']]]"
2777930841718311089,5.0,[[['print']]]
2780073583714205357,4.782608695652174,"[[['print']], [['print']], [['print']], [['print']]]"
2781106292494285805,4.473684210526316,"[[['print']], [['floral']]]"
2781783171327794858,4.769230769230769,"[[['print']], [['floral', 'print']], [['floral']]]"
2783135104132496793,4.516129032258065,"[[['print']], [['print']], [['print']]]"
2787387615366276045,4.862068965517241,"[[['print']], [['print']], [['print']], [['print']]]"
2792616374678569093,4.666666666666667,[[['print']]]
2793951059329233299,4.886363636363637,"[[['print']], [['floral']]]"
2794810937316923009,5.0,"[[['floral']], [['floral']], [['print']], [['floral']], [['floral']]]"
2795411298131360552,4.56,"[[['floral', 'print']], [['floral']]]"
2797489532016701134,4.647058823529412,"[[['print']], [['print']], [['floral', 'print']]]"
2798460106377307368,5.0,"[[['print']], [['floral']], [['print']], [['print']], [['floral', 'print']], [['print']], [['print']], [['print']]]"
2799210269098213333,5.0,"[[['print']], [['print']], [['print']], [['print']], [['print']], [['print']], [['print']]]"
2799984287426328065,4.212765957446808,"[[['floral']], [['floral', 'print']], [['floral']], [['floral', 'print']], [['floral', 'print']], [['floral', 'print']]]"
2801397818793198631,5.0,"[[['floral', 'print']], [['floral', 'print']]]"
2802118052428858663,4.7407407407407405,[[['print']]]
2802554637347675652,4.7368421052631575,"[[['print']], [['floral', 'print']], [['floral', 'print']]]"
2804266698100366342,4.695652173913044,"[[['print']], [['floral']], [['print']]]"
2805004320514909050,4.7073170731707314,"[[['floral']], [['floral']]]"
2807666430709334527,4.714285714285714,"[[['floral']], [['floral', 'print']]]"
2812206835462251037,4.947368421052632,"[[['floral']], [['graphic']], [['graphic']], [['print']]]"
2812820959967627173,4.0,"[[['print']], [['print']], [['floral']], [['print']]]"
2813657591344006891,4.625,"[[['print']], [['floral']], [['floral']], [['graphic']], [['print']]]"
2814430384391464208,4.75,"[[['floral', 'print']], [['floral', 'print']], [['print']], [['floral']], [['floral']], [['floral', 'print']], [['floral', 'print']], [['floral', 'print']], [['print']], [['print']]]"
2814856091693448227,5.0,"[[['floral']], [['floral']], [['floral']], [['print']]]"
2818729380206164414,5.0,"[[['floral']], [['print']]]"
2819228404287080863,3.615384615384616,"[[['print']], [['print']], [['print']], [['print']]]"
2820202257501747445,4.9375,"[[['floral', 'print']], [['floral', 'print']], [['floral', 'print']], [['print']], [['floral', 'print']], [['floral']]]"
2822348029773010174,5.0,"[[['print']], [['floral']], [['floral', 'print']], [['floral', 'print']]]"
2823821514613626153,5.0,"[[['print']], [['print']], [['floral', 'print']], [['print']], [['print']]]"
2825268773704391356,4.821428571428571,"[[['print']], [['print']], [['print']]]"
2826743177224494458,4.764705882352941,"[[['floral', 'print']], [['floral', 'print']], [['floral', 'print']]]"
2834411083102039208,4.636363636363637,"[[['floral', 'print']], [['print']], [['print']], [['floral']]]"
2835144017081609245,5.0,"[[['print']], [['floral', 'print']], [['print']]]"
2836592366288795512,5.0,"[[['floral']], [['graphic']], [['floral']]]"
2837384745258237875,4.636363636363637,"[[['floral']], [['floral']], [['floral']], [['floral']]]"
2841712467820251210,4.818181818181818,"[[['print']], [['print']]]"
2844613912785691125,5.0,"[[['floral']], [['floral']]]"
2845639173421449076,5.0,[[['print']]]
2846840247309093891,5.0,"[[['floral']], [['print']]]"
2848200007733726137,4.875,"[[['floral']], [['print']]]"
2848434626612182511,4.636363636363637,"[[['print']], [['floral']]]"
2851867032448166811,4.685714285714286,"[[['print']], [['print']]]"
2855782852052378379,3.659090909090909,[[['floral']]]
2859357267734218698,4.923076923076923,"[[['floral']], [['print']]]"
2860790135958174039,5.0,"[[['floral']], [['floral']], [['print']], [['print']]]"
2865580646900212347,4.809523809523809,"[[['floral']], [['floral']], [['floral']]]"
2867743438944116014,4.714285714285714,"[[['floral']], [['floral']], [['print']], [['floral']]]"
2875297724129594660,4.674698795180723,"[[['print']], [['floral']], [['floral', 'print']]]"
2879436357819011167,4.84,[[['print']]]
2880838458601546909,4.733333333333333,"[[['floral']], [['floral', 'print']], [['print']]]"
2883712536697926492,4.419354838709677,"[[['floral']], [['print']], [['floral']], [['print']], [['floral']], [['print']], [['floral', 'print']]]"
2884530691710957301,4.791666666666667,"[[['floral', 'print']], [['floral']], [['print']], [['print']]]"
2894073946865710283,4.942857142857143,"[[['floral']], [['floral']], [['print']], [['floral']], [['floral']]]"
2894844022950970684,4.727272727272728,"[[['floral', 'print']], [['floral', 'print']], [['floral', 'print']], [['print']], [['floral', 'print']]]"
2896033674551795522,4.724137931034483,"[[['print']], [['floral']], [['floral', 'print']], [['floral']], [['floral', 'print']]]"
2898233906631013209,4.923076923076923,"[[['floral']], [['floral']], [['print']], [['floral']], [['print']], [['print']], [['floral']]]"
2898952696184283923,4.9375,"[[['print']], [['print']], [['print']]]"
2901100526457970823,4.631578947368421,"[[['floral']], [['print']], [['print']], [['print']], [['floral']], [['floral', 'print']]]"
2905008392409198278,4.578947368421052,"[[['print']], [['print']], [['floral']], [['print']], [['print']], [['floral', 'print']], [['floral', 'print']]]"
2905454748288786532,4.866666666666666,"[[['print']], [['floral', 'print']], [['print']], [['print']], [['floral']]]"
2914323070017984536,4.366666666666666,"[[['floral', 'print']]]"
2920950945615139279,5.0,[[['print']]]
2923834188876880839,4.588235294117647,"[[['print']], [['floral']], [['floral', 'print']], [['print']]]"
2925024529107099975,4.785714285714286,"[[['print']], [['floral', 'print']], [['floral', 'print']], [['floral', 'print']], [['floral']], [['floral', 'print']]]"
2926025926728414231,4.9,"[[['floral']], [['print']], [['print']], [['print']], [['floral', 'print']], [['floral']], [['floral', 'print']], [['floral']]]"
2928686917958161971,4.421052631578948,"[[['print']], [['print']], [['print']]]"
2929417001346107736,4.411764705882353,"[[['print']], [['print']], [['floral', 'print']], [['floral', 'print']], [['print']], [['print']]]"
2931832804242731708,5.0,"[[['floral']], [['print']], [['floral']], [['floral', 'print']], [['graphic']], [['floral']]]"
2935404783234153363,4.666666666666667,"[[['print']], [['floral']], [['floral']]]"
2936871780450993469,3.7777777777777777,"[[['floral']], [['print']]]"
2938320518176431136,4.571428571428571,"[[['print']], [['floral']], [['floral']]]"
2939497973630620481,5.0,"[[['print']], [['print']]]"
2943411910066176606,4.75,"[[['floral']], [['floral']], [['floral']], [['floral']], [['floral', 'print']], [['floral']]]"
2944630456814630846,4.166666666666667,"[[['floral']], [['floral']], [['print']], [['floral']], [['floral']]]"
2946306849238258559,5.0,"[[['floral', 'print']], [['floral']], [['floral']], [['floral', 'print']], [['floral']], [['floral', 'print']], [['floral']], [['floral', 'print']], [['floral']]]"
2957656819446935629,5.0,"[[['print']], [['floral']]]"
2963719103903873235,4.5,"[[['floral', 'print']], [['floral']], [['floral']], [['floral']]]"
2965065178086788126,4.571428571428571,"[[['floral']], [['floral']], [['floral']]]"
2965871774369446220,4.75,"[[['print']], [['floral']]]"
2969206156686859537,4.409090909090909,"[[['floral']], [['floral', 'print']], [['floral', 'print']], [['floral']], [['floral']], [['floral']]]"
2970740270005796383,4.904761904761905,"[[['print']], [['print']], [['floral']], [['print']], [['floral']], [['floral']]]"
2971507050038986776,4.791666666666667,"[[['print']], [['print']], [['floral']], [['print']], [['floral', 'print']], [['graphic']], [['print']]]"
2974295251540984639,4.875,"[[['floral', 'print']], [['floral', 'print']], [['floral', 'print']], [['floral', 'print']]]"
2977206138580779421,4.764705882352941,"[[['print']], [['print']], [['floral', 'print']], [['floral', 'print']], [['floral', 'print']], [['floral']], [['floral', 'print']]]"
2978969448812786354,4.973684210526316,"[[['floral', 'print']], [['print']]]"
2981090955666797809,4.675,"[[['floral']], [['print']], [['floral']], [['print']], [['floral']]]"
2982558671644776880,4.743243243243243,"[[['print']], [['floral', 'print']], [['floral', 'print']], [['floral']]]"
2983993440802862459,4.8429752066115705,"[[['print']], [['print']], [['floral']]]"
2988342189125654858,4.891472868217054,"[[['floral']], [['floral']], [['print']], [['print']], [['print']], [['floral']], [['floral']], [['floral', 'print']], [['floral']], [['floral', 'print']]]"
2990259089075346665,4.735537190082645,"[[['floral']], [['floral']], [['print']], [['graphic']], [['print']], [['floral']], [['floral', 'print']], [['floral']]]"
2997495411414458815,4.764705882352941,"[[['floral', 'print']], [['floral']], [['floral']], [['floral', 'print']], [['floral']]]"
2998986680322054365,4.764705882352941,"[[['print']], [['floral', 'print']], [['print']]]"
3000763101285470531,5.0,"[[['print']], [['print']], [['floral']]]"
3001200659021524673,5.0,"[[['floral', 'print']], [['print']], [['print']], [['print']], [['print']], [['print']], [['print']]]"
3005479710352763382,4.875,"[[['floral']], [['floral', 'print']], [['floral']], [['floral', 'print']], [['floral', 'print']], [['floral', 'print']]]"
3006427586423092649,4.9375,"[[['floral']], [['floral']], [['floral', 'print']], [['floral']], [['floral']]]"
3007891485491546952,4.88,"[[['dot']], [['print']]]"
3009810732196306879,4.7727272727272725,"[[['floral']], [['floral', 'print']], [['floral']], [['floral']], [['floral', 'print']]]"
3016371097013270831,4.859649122807017,"[[['floral', 'print']], [['print']], [['print']]]"
3038401334194448360,4.875,"[[['floral']], [['print']], [['print']], [['floral']]]"
3046865706842073342,5.0,"[[['floral']], [['print']], [['floral']]]"
3059824780643974913,4.884615384615385,"[[['floral']], [['floral']], [['print']], [['print']]]"
3061260491020783811,4.714285714285714,"[[['floral', 'print']], [['floral']], [['print']], [['print']], [['print']], [['print']], [['floral']], [['floral']]]"
3062294994342207837,5.0,"[[['print']], [['print']], [['print']], [['print']], [['floral', 'print']], [['floral']], [['print']], [['floral', 'print']], [['floral']], [['print']]]"
3068069719679751363,4.666666666666667,"[[['print']], [['print']], [['print']], [['print']], [['floral']], [['print']]]"
3077499384886478933,4.903225806451613,[[['floral']]]
3080844313395123678,4.615384615384615,"[[['floral']], [['floral']], [['print']], [['print']], [['floral']]]"
3082567999952368810,5.0,"[[['floral', 'print']], [['print']], [['floral', 'print']], [['print']], [['floral', 'print']], [['print']], [['print']], [['print']], [['floral', 'print']], [['floral']]]"
3083014706155937945,4.363636363636363,"[[['print']], [['floral', 'print']], [['print']], [['floral']], [['floral']]]"
3083723639959006635,5.0,"[[['print']], [['print']], [['print']], [['floral']]]"
3087577087184017067,4.636363636363637,"[[['floral']], [['floral']], [['floral', 'print']], [['floral']], [['floral']], [['floral']]]"
3090975505558021516,4.777777777777778,"[[['floral']], [['floral']], [['print']]]"
3099688684764417092,4.722222222222222,"[[['floral']], [['floral']], [['floral']]]"
3113711868823634320,4.384615384615385,"[[['floral']], [['floral']], [['print']], [['print']], [['floral']]]"
3114911296625585235,4.882352941176471,"[[['floral', 'print']], [['floral', 'print']], [['print']], [['print']], [['floral']], [['print']]]"
3120248047849031902,4.735294117647059,"[[['print']], [['floral']], [['print']], [['print']], [['floral']], [['print']]]"
3141283472826864508,5.0,"[[['floral']], [['print']], [['floral']], [['floral']], [['floral']]]"
3144876054525829821,5.0,"[[['print']], [['print']], [['print']], [['print']]]"
3150701490812181061,4.7,"[[['floral']], [['print']], [['print']], [['floral']], [['floral']], [['floral']]]"
3160553518439887756,4.111111111111111,"[[['floral']], [['floral']], [['floral']], [['print']], [['floral']], [['print']], [['print']]]"
3163751465162728503,4.0,"[[['floral']], [['print']], [['floral', 'print']], [['print']], [['floral', 'print']]]"
3165212996472982500,5.0,"[[['print']], [['print']], [['floral', 'print']], [['floral']], [['floral', 'print']], [['floral', 'print']], [['floral']]]"
3167356508231274222,5.0,"[[['print']], [['print']], [['floral', 'print']], [['print']], [['print']]]"
3180391334677033397,5.0,"[[['floral', 'print']], [['print']], [['floral']], [['print']], [['floral']], [['print']], [['print']]]"
3181851434939779896,5.0,"[[['floral']], [['floral', 'print']], [['floral']], [['print']]]"
3185474732080748451,4.789473684210527,"[[['floral']], [['floral']], [['floral']], [['floral', 'print']], [['floral']], [['floral']]]"
3205767730580416619,4.611111111111111,"[[['floral']], [['floral']], [['floral', 'print']], [['print']], [['floral']], [['print']], [['print']]]"
3223656191053441376,4.6,"[[['floral']], [['print']], [['floral']], [['print']], [['print']]]"
